,Unnamed: 0,Nombre,Championships,Grands,Grand,wins,win,pole,fastests,fastest,podiums,podium,retirements,retirement,constructors,constructor,models,model
0,0,Carlo Abate,0,0,0,0,0,0,0,0,0,0,0,0,2,0,3,0
1,1,George Abecassis,0,2,0,0,0,0,0,0,0,0,2,0,1,1,2,0
2,2,Jay Abney,0,0,0,0,0,0,0,0,0,0,0,0,1,1,1,1
3,3,Jean Achard,0,0,0,0,0,0,0,0,0,0,0,0,1,1,1,1
4,4,Kenny Acheson,0,3,0,0,0,0,0,0,0,0,2,0,2,0,2,0
5,5,Philippe Adams,0,2,0,0,0,0,0,0,0,0,1,1,1,1,1,1
6,6,Walt Ader,0,1,1,0,0,0,0,0,0,0,0,0,1,1,1,1
7,7,Kurt Adolff,0,1,1,0,0,0,0,0,0,0,1,1,1,1,1,1
8,8,Fred Agabashian,0,8,0,0,0,1,0,0,0,0,6,0,3,0,7,0
9,9,Kurt Ahrens,0,1,1,0,0,0,0,0,0,0,0,0,1,1,1,1
10,10,Jack Aitken,0,1,1,0,0,0,0,0,0,0,0,0,1,1,1,1
11,11,Christijan Albers,0,46,0,0,0,0,0,0,0,0,18,0,3,0,4,0
12,12,Alexander Albon,0,38,0,0,0,0,0,0,2,0,3,0,2,0,3,0
13,13,Michele Alboreto,0,194,0,5,0,2,5,0,23,0,102,0,6,0,19,0
14,14,Jean Alesi,0,201,0,1,1,2,4,0,32,0,87,0,6,0,17,0
15,15,Jaime Alguersuari,0,46,0,0,0,0,0,0,0,0,11,0,1,1,3,0
16,16,Ray Allen,0,0,0,0,0,0,0,0,0,0,0,0,1,1,1,1
17,17,Philippe Alliot,0,109,0,0,0,0,0,0,0,0,66,0,5,0,11,0
18,18,Cliff Allison,0,16,0,0,0,0,0,0,1,1,6,0,3,0,6,0
19,19,Fernando Alonso,2,312,0,32,0,22,23,0,97,0,67,0,4,0,19,0
20,20,Giovanna Amati,0,0,0,0,0,0,0,0,0,0,0,0,1,1,1,1
21,21,George Amick,0,1,1,0,0,0,0,0,1,1,0,0,2,0,2,0
22,22,Red Amick,0,2,0,0,0,0,0,0,0,0,1,1,2,0,2,0
23,23,Michael Ammermüller,0,0,0,0,0,0,0,0,0,0,0,0,1,1,1,1
24,24,Chris Amon,0,96,0,0,0,5,3,0,11,0,45,0,14,0,23,0
25,25,Bob Anderson,0,25,0,0,0,0,0,0,1,1,10,0,2,0,2,0
26,26,Conny Andersson,0,1,1,0,0,0,0,0,0,0,1,1,2,0,2,0
27,27,Emil Andres,0,0,0,0,0,0,0,0,0,0,0,0,1,1,1,1
28,28,Mario Andretti,4,128,0,12,0,18,10,0,19,0,72,0,7,0,17,0
29,29,Michael Andretti,0,13,0,0,0,0,0,0,1,1,7,0,1,1,1,1
30,30,Keith Andrews,0,2,0,0,0,0,0,0,0,0,2,0,2,0,3,0
31,31,Marco Apicella,0,1,1,0,0,0,0,0,0,0,1,1,2,0,2,0
32,32,Frank Armi,0,1,1,0,0,0,0,0,0,0,0,0,3,0,4,0
33,33,Chuck Arnold,0,1,1,0,0,0,0,0,0,0,0,0,2,0,3,0
34,34,René Arnoux,0,149,0,7,0,18,12,0,22,0,70,0,5,0,18,0
35,35,Peter Arundell,0,11,0,0,0,0,0,0,2,0,4,0,1,1,3,0
36,36,Alberto Ascari,3,32,0,13,0,14,12,0,17,0,14,0,3,0,8,0
37,37,Peter Ashdown,0,1,1,0,0,0,0,0,0,0,0,0,1,1,1,1
38,38,Ian Ashley,0,4,0,0,0,0,0,0,0,0,1,1,5,0,5,0
39,39,Gerry Ashmore,0,3,0,0,0,0,0,0,0,0,2,0,2,0,3,0
40,40,Bill Aston,0,1,1,0,0,0,0,0,0,0,1,1,1,1,1,1
41,41,Dick Attwood,0,16,0,0,0,0,1,1,1,1,5,0,4,0,6,0
42,42,Manuel Ayulo,0,4,0,0,0,0,0,0,1,1,1,1,4,0,5,0
43,43,Luca Badoer,0,51,0,0,0,0,0,0,0,0,26,0,4,0,6,0
44,44,Giancarlo Baghetti,0,21,0,1,1,0,1,1,1,1,10,0,6,0,6,0
45,45,Julian Bailey,0,7,0,0,0,0,0,0,0,0,3,0,3,0,3,0
46,46,Bobby Baird,0,0,0,0,0,0,0,0,0,0,0,0,1,1,1,1
47,47,Mauro Baldi,0,36,0,0,0,0,0,0,0,0,19,0,5,0,8,0
48,48,Johnny Baldwin,0,0,0,0,0,0,0,0,0,0,0,0,1,1,1,1
49,49,Bobby Ball,0,2,0,0,0,0,0,0,0,0,1,1,3,0,3,0
50,50,Marcel Balsa,0,1,1,0,0,0,0,0,0,0,1,1,1,1,1,1
51,51,Lorenzo Bandini,0,42,0,1,1,1,2,0,8,0,16,0,3,0,10,0
52,52,Henry Banks,0,3,0,0,0,0,0,0,0,0,0,0,3,0,3,0
53,53,Fabrizio Barbazza,0,8,0,0,0,0,0,0,0,0,5,0,2,0,3,0
54,54,John Barber,0,1,1,0,0,0,0,0,0,0,0,0,1,1,1,1
55,55,Skip Barber,0,5,0,0,0,0,0,0,0,0,1,1,1,1,1,1
56,56,Paolo Barilla,0,9,0,0,0,0,0,0,0,0,5,0,1,1,2,0
57,57,Rubens Barrichello,0,323,0,11,0,14,17,0,68,0,97,0,6,0,20,0
58,58,Michael Bartels,0,0,0,0,0,0,0,0,0,0,0,0,1,1,1,1
59,59,Edgar Barth,0,3,0,0,0,0,0,0,0,0,2,0,3,0,4,0
60,60,Buzz Barton,0,0,0,0,0,0,0,0,0,0,0,0,2,0,2,0
61,61,Joe Barzda,0,0,0,0,0,0,0,0,0,0,0,0,1,1,1,1
62,62,Giorgio Bassi,0,1,1,0,0,0,0,0,0,0,1,1,1,1,1,1
63,63,Erwin Bauer,0,1,1,0,0,0,0,0,0,0,1,1,1,1,1,1
64,64,Zsolt Baumgartner,0,20,0,0,0,0,0,0,0,0,8,0,2,0,2,0
65,65,Azdrùbal Bayardo,0,0,0,0,0,0,0,0,0,0,0,0,1,1,1,1
66,66,Elie Bayol,0,7,0,0,0,0,0,0,0,0,5,0,2,0,3,0
67,67,Don Beauman,0,1,1,0,0,0,0,0,0,0,0,0,1,1,1,1
68,68,Günther Bechem,0,2,0,0,0,0,0,0,0,0,2,0,2,0,2,0
69,69,Jean Behra,0,53,0,0,0,0,1,1,9,0,32,0,6,0,7,0
70,70,José Behra,0,0,0,0,0,0,0,0,0,0,0,0,1,1,1,1
71,71,Derek Bell,0,9,0,0,0,0,0,0,0,0,7,0,7,0,10,0
72,72,Stefan Bellof,0,20,0,0,0,0,0,0,0,0,3,0,3,0,5,0
73,73,Paul Belmondo,0,7,0,0,0,0,0,0,0,0,2,0,2,0,3,0
74,74,Tom Belsø,0,2,0,0,0,0,0,0,0,0,1,1,2,0,3,0
75,75,Jean-pierre Beltoise,0,85,0,1,1,0,4,0,8,0,37,0,2,0,14,0
76,76,Olivier Beretta,0,9,0,0,0,0,0,0,0,0,5,0,1,1,1,1
77,77,Allen Berg,0,9,0,0,0,0,0,0,0,0,5,0,2,0,4,0
78,78,Georges Berger,0,2,0,0,0,0,0,0,0,0,2,0,2,0,2,0
79,79,Gerhard Berger,0,210,0,10,0,12,21,0,48,0,95,0,5,0,16,0
80,80,Eric Bernard,0,45,0,0,0,0,0,0,1,1,25,0,4,0,7,0
81,81,Antonio Bernardo,0,0,0,0,0,0,0,0,0,0,0,0,1,1,1,1
82,82,Enrique Bernoldi,0,28,0,0,0,0,0,0,0,0,18,0,1,1,2,0
83,83,Enrico Bertaggia,0,0,0,0,0,0,0,0,0,0,0,0,3,0,4,0
84,84,Guerino Bertocchi,0,0,0,0,0,0,0,0,0,0,0,0,1,1,1,1
85,85,Tony Bettenhausen,0,11,0,0,0,0,1,1,1,1,6,0,5,0,9,0
86,86,Mike Beuttler,0,28,0,0,0,0,0,0,0,0,13,0,1,1,4,0
87,87,Jules Bianchi,0,34,0,0,0,0,0,0,0,0,7,0,2,0,3,0
88,88,Lucien Bianchi,0,17,0,0,0,0,0,0,1,1,10,0,6,0,10,0
89,89,Gino Bianco,0,4,0,0,0,0,0,0,0,0,3,0,1,1,1,1
90,90,Werner Bickel,0,0,0,0,0,0,0,0,0,0,0,0,1,1,1,1
91,91,Hans Binder,0,13,0,0,0,0,0,0,0,0,7,0,5,0,5,0
92,92,Clemente Biondetti,0,1,1,0,0,0,0,0,0,0,1,1,2,0,2,0
93,93,Prince Bira,0,19,0,0,0,0,0,0,0,0,9,0,4,0,6,0
94,94,Pablo Birger,0,2,0,0,0,0,0,0,0,0,2,0,2,0,2,0
95,95,Art Bisch,0,1,1,0,0,0,0,0,0,0,1,1,2,0,2,0
96,96,Harry Blanchard,0,1,1,0,0,0,0,0,0,0,0,0,1,1,1,1
97,97,Michael Bleekemolen,0,1,1,0,0,0,0,0,0,0,1,1,2,0,2,0
98,98,Hans Blees,0,0,0,0,0,0,0,0,0,0,0,0,1,1,1,1
99,99,Alex Blignaut,0,0,0,0,0,0,0,0,0,0,0,0,1,1,1,1
100,100,Trevor Blokdyk,0,1,1,0,0,0,0,0,0,0,0,0,1,1,2,0
101,101,Mark Blundell,0,61,0,0,0,0,0,0,3,0,32,0,4,0,7,0
102,102,Matteo Bobbi,0,0,0,0,0,0,0,0,0,0,0,0,1,1,1,1
103,103,Raul Boesel,0,23,0,0,0,0,0,0,0,0,12,0,2,0,2,0
104,104,Mennato Boffa,0,0,0,0,0,0,0,0,0,0,0,0,1,1,1,1
105,105,Ewald Boisitz,0,0,0,0,0,0,0,0,0,0,0,0,1,1,1,1
106,106,Tony Bonadies,0,0,0,0,0,0,0,0,0,0,0,0,2,0,3,0
107,107,Bob Bondurant,0,9,0,0,0,0,0,0,0,0,4,0,4,0,5,0
108,108,Felice Bonetto,0,15,0,0,0,0,0,0,2,0,6,0,3,0,3,0
109,109,Jo Bonnier,0,104,0,1,1,1,0,0,1,1,53,0,8,0,17,0
110,110,Roberto Bonomi,0,1,1,0,0,0,0,0,0,0,0,0,1,1,1,1
111,111,Juan-manuel Bordeu,0,0,0,0,0,0,0,0,0,0,0,0,1,1,1,1
112,112,Franco Bordoni,0,0,0,0,0,0,0,0,0,0,0,0,1,1,1,1
113,113,Slim Borgudd,0,10,0,0,0,0,0,0,0,0,4,0,2,0,3,0
114,114,Luki Botha,0,1,1,0,0,0,0,0,0,0,0,0,1,1,1,1
115,115,Valtteri Bottas,0,156,0,9,0,16,15,0,56,0,13,0,2,0,10,0
116,116,Christophe Bouchut,0,0,0,0,0,0,0,0,0,0,0,0,1,1,1,1
117,117,Jean-christophe Boullion,0,11,0,0,0,0,0,0,0,0,5,0,1,1,1,1
118,118,Sébastien Bourdais,0,27,0,0,0,0,0,0,0,0,8,0,1,1,3,0
119,119,Thierry Boutsen,0,163,0,3,0,1,1,1,15,0,68,0,5,0,13,0
120,120,Bill Boyd,0,0,0,0,0,0,0,0,0,0,0,0,2,0,2,0
121,121,Johnny Boyd,0,6,0,0,0,0,0,0,1,1,3,0,2,0,4,0
122,122,David Brabham,0,24,0,0,0,0,0,0,0,0,17,0,2,0,2,0
123,123,Gary Brabham,0,0,0,0,0,0,0,0,0,0,0,0,1,1,1,1
124,124,Jack Brabham,6,123,0,14,0,13,12,0,31,0,57,0,4,0,19,0
125,125,Giovanni Bracco,0,0,0,0,0,0,0,0,0,0,0,0,1,1,1,1
126,126,Bill Brack,0,3,0,0,0,0,0,0,0,0,2,0,2,0,3,0
127,127,Tino Brambilla,0,0,0,0,0,0,0,0,0,0,0,0,2,0,2,0
128,128,Vittorio Brambilla,0,74,0,1,1,1,1,1,1,1,40,0,3,0,7,0
129,129,Toni Branca,0,3,0,0,0,0,0,0,0,0,1,1,1,1,2,0
130,130,Gianfranco Brancatelli,0,0,0,0,0,0,0,0,0,0,0,0,2,0,2,0
131,131,Eric Brandon,0,5,0,0,0,0,0,0,0,0,1,1,1,1,2,0
132,132,Don Branson,0,2,0,0,0,0,0,0,0,0,1,1,1,1,1,1
133,133,Ryan Briscoe,0,0,0,0,0,0,0,0,0,0,0,0,1,1,1,1
134,134,Tony Brise,0,10,0,0,0,0,0,0,0,0,5,0,2,0,2,0
135,135,Chris Bristow,0,4,0,0,0,0,0,0,0,0,3,0,1,1,1,1
136,136,Peter Broeker,0,1,1,0,0,0,0,0,0,0,0,0,1,1,1,1
137,137,Tony Brooks,0,38,0,6,0,3,3,0,10,0,19,0,4,0,7,0
138,138,Alan Brown,0,8,0,0,0,0,0,0,0,0,2,0,1,1,2,0
139,139,Walt Brown,0,2,0,0,0,0,0,0,0,0,1,1,1,1,2,0
140,140,Warwick Brown,0,1,1,0,0,0,0,0,0,0,0,0,1,1,1,1
141,141,Adolf Brudes,0,1,1,0,0,0,0,0,0,0,1,1,1,1,1,1
142,142,Martin Brundle,0,158,0,0,0,0,0,0,9,0,70,0,8,0,15,0
143,143,Gimmi Bruni,0,18,0,0,0,0,0,0,0,0,9,0,1,1,2,0
144,144,Jimmy Bryan,0,9,0,1,1,0,0,0,3,0,3,0,5,0,5,0
145,145,Clemar Bucci,0,5,0,0,0,0,0,0,0,0,5,0,2,0,2,0
146,146,Ronnie Bucknum,0,11,0,0,0,0,0,0,0,0,8,0,1,1,3,0
147,147,Ivor Bueb,0,4,0,0,0,0,0,0,0,0,2,0,3,0,3,0
148,148,Sébastien Buemi,0,55,0,0,0,0,0,0,0,0,18,0,1,1,3,0
149,149,Luiz Bueno,0,1,1,0,0,0,0,0,0,0,0,0,1,1,1,1
150,150,Mike Burch,0,0,0,0,0,0,0,0,0,0,0,0,1,1,1,1
151,151,Ian Burgess,0,15,0,0,0,0,0,0,0,0,7,0,3,0,6,0
152,152,Marvin Burke,0,0,0,0,0,0,0,0,0,0,0,0,1,1,1,1
153,153,Luciano Burti,0,15,0,0,0,0,0,0,0,0,6,0,2,0,3,0
154,154,Roberto Bussinello,0,2,0,0,0,0,0,0,0,0,2,0,2,0,2,0
155,155,Jenson Button,2,306,0,15,0,8,8,0,50,0,75,0,7,0,18,0
156,156,Tommy Byrne,0,2,0,0,0,0,0,0,0,0,2,0,1,1,1,1
157,157,Oscar Cabalen,0,0,0,0,0,0,0,0,0,0,0,0,0,0,1,1
158,158,Giulio Cabianca,0,3,0,0,0,0,0,0,0,0,1,1,3,0,3,0
159,159,Phil Cade,0,0,0,0,0,0,0,0,0,0,0,0,1,1,1,1
160,160,Alex Caffi,0,56,0,0,0,0,0,0,0,0,32,0,5,0,11,0
161,161,James Calado,0,0,0,0,0,0,0,0,0,0,0,0,1,1,1,1
162,162,Keith Campbell,0,0,0,0,0,0,0,0,0,0,0,0,1,1,1,1
163,163,John Campbell-jones,0,2,0,0,0,0,0,0,0,0,0,0,4,0,5,0
164,164,Adrian Campos,0,17,0,0,0,0,0,0,0,0,14,0,1,1,2,0
165,165,John Cannon,0,1,1,0,0,0,0,0,0,0,0,0,1,1,1,1
166,166,Eitel Cantoni,0,3,0,0,0,0,0,0,0,0,2,0,1,1,1,1
167,167,Bill Cantrell,0,1,1,0,0,0,0,0,0,0,1,1,3,0,3,0
168,168,Willard Cantrell,0,0,0,0,0,0,0,0,0,0,0,0,1,1,1,1
169,169,Ivan Capelli,0,93,0,0,0,0,0,0,3,0,67,0,6,0,11,0
170,170,Piero Carini,0,3,0,0,0,0,0,0,0,0,3,0,1,1,2,0
171,171,Duane Carter,0,8,0,0,0,0,0,0,1,1,1,1,5,0,7,0
172,172,Neal Carter,0,0,0,0,0,0,0,0,0,0,0,0,1,1,1,1
173,173,Eugenio Castellotti,0,14,0,0,0,1,0,0,3,0,10,0,2,0,5,0
174,174,Johnny Cecotto,0,18,0,0,0,0,0,0,0,0,11,0,3,0,4,0
175,175,Alfonso Celis,0,0,0,0,0,0,0,0,0,0,0,0,1,1,2,0
176,176,François Cevert,0,46,0,1,1,0,2,0,13,0,15,0,2,0,4,0
177,177,Eugène Chaboud,0,3,0,0,0,0,0,0,0,0,1,1,1,1,3,0
178,178,Jay Chamberlain,0,1,1,0,0,0,0,0,0,0,0,0,1,1,1,1
179,179,Karun Chandhok,0,11,0,0,0,0,0,0,0,0,4,0,2,0,2,0
180,180,Colin Chapman,0,0,0,0,0,0,0,0,0,0,0,0,1,1,1,1
181,181,Dave Charlton,0,11,0,0,0,0,0,0,0,0,8,0,3,0,6,0
182,182,Jan Charouz,0,0,0,0,0,0,0,0,0,0,0,0,1,1,1,1
183,183,Pedro Chaves,0,0,0,0,0,0,0,0,0,0,0,0,1,1,1,1
184,184,Bill Cheesbourg,0,3,0,0,0,0,0,0,0,0,2,0,3,0,5,0
185,185,Eddie Cheever,0,132,0,0,0,0,0,0,9,0,84,0,9,0,16,0
186,186,Andrea Chiesa,0,3,0,0,0,0,0,0,0,0,3,0,1,1,2,0
187,187,Max Chilton,0,35,0,0,0,0,0,0,0,0,3,0,1,1,3,0
188,188,Ettore Chimeri,0,1,1,0,0,0,0,0,0,0,1,1,1,1,1,1
189,189,Louis Chiron,0,15,0,0,0,0,0,0,1,1,8,0,4,0,5,0
190,190,Joie Chitwood,0,1,1,0,0,0,0,0,0,0,0,0,1,1,1,1
191,191,Bob Christie,0,5,0,0,0,0,0,0,0,0,2,0,3,0,4,0
192,192,Johnny Claes,0,23,0,0,0,0,0,0,0,0,9,0,7,0,9,0
193,193,Dave Clapham,0,0,0,0,0,0,0,0,0,0,0,0,1,1,1,1
194,194,Jim Clark,2,72,0,25,0,33,28,0,32,0,28,0,1,1,6,0
195,195,David Clarke,0,0,0,0,0,0,0,0,0,0,0,0,1,1,1,1
196,196,Bob Cleberg,0,0,0,0,0,0,0,0,0,0,0,0,1,1,1,1
197,197,Bud Clemons,0,0,0,0,0,0,0,0,0,0,0,0,1,1,1,1
198,198,Dani Clos,0,0,0,0,0,0,0,0,0,0,0,0,1,1,1,1
199,199,Kevin Cogan,0,0,0,0,0,0,0,0,0,0,0,0,2,0,2,0
200,200,Hal Cole,0,0,0,0,0,0,0,0,0,0,0,0,1,1,1,1
201,201,Peter Collins,0,32,0,3,0,0,0,0,9,0,20,0,4,0,8,0
202,202,Bernard Collomb,0,4,0,0,0,0,0,0,0,0,3,0,2,0,2,0
203,203,Alberto Colombo,0,0,0,0,0,0,0,0,0,0,0,0,2,0,2,0
204,204,Erik Comas,0,59,0,0,0,0,0,0,0,0,29,0,2,0,5,0
205,205,Franco Comotti,0,2,0,0,0,0,0,0,0,0,1,1,3,0,3,0
206,206,Russ Congdon,0,0,0,0,0,0,0,0,0,0,0,0,1,1,1,1
207,207,George Connor,0,3,0,0,0,0,0,0,0,0,1,1,2,0,3,0
208,208,George Constantine,0,1,1,0,0,0,0,0,0,0,1,1,1,1,1,1
209,209,John Cordts,0,1,1,0,0,0,0,0,0,0,1,1,1,1,1,1
210,210,Bob Cortner,0,0,0,0,0,0,0,0,0,0,0,0,2,0,2,0
211,211,David Coulthard,0,246,0,13,0,12,18,0,62,0,81,0,3,0,19,0
212,212,Piers Courage,0,27,0,0,0,0,0,0,2,0,17,0,4,0,6,0
213,213,Chris Craft,0,1,1,0,0,0,0,0,0,0,1,1,1,1,1,1
214,214,Jim Crawford,0,2,0,0,0,0,0,0,0,0,1,1,1,1,2,0
215,215,Ray Crawford,0,3,0,0,0,0,0,0,0,0,3,0,2,0,3,0
216,216,Alberto Crespo,0,0,0,0,0,0,0,0,0,0,0,0,1,1,1,1
217,217,Antonio Creus,0,1,1,0,0,0,0,0,0,0,1,1,1,1,1,1
218,218,Larry Crockett,0,1,1,0,0,0,0,0,0,0,0,0,1,1,1,1
219,219,Tony Crook,0,2,0,0,0,0,0,0,0,0,1,1,2,0,2,0
220,220,Art Cross,0,4,0,0,0,0,0,0,1,1,1,1,2,0,3,0
221,221,Geoff Crossley,0,2,0,0,0,0,0,0,0,0,1,1,1,1,1,1
222,222,Cristiano Da Matta,0,28,0,0,0,0,0,0,0,0,8,0,1,1,3,0
223,223,Hermano Da Silva Ramos,0,7,0,0,0,0,0,0,0,0,4,0,1,1,2,0
224,224,Chuck Daigh,0,3,0,0,0,0,0,0,0,0,2,0,3,0,3,0
225,225,Yannick Dalmas,0,23,0,0,0,0,0,0,0,0,7,0,3,0,8,0
226,226,Derek Daly,0,49,0,0,0,0,0,0,0,0,24,0,6,0,9,0
227,227,Jérôme D'ambrosio,0,20,0,0,0,0,0,0,0,0,3,0,2,0,3,0
228,228,Christian Danner,0,36,0,0,0,0,0,0,0,0,22,0,4,0,7,0
229,229,Jorge Daponte,0,2,0,0,0,0,0,0,0,0,1,1,2,0,2,0
230,230,Alfred Dattner,0,0,0,0,0,0,0,0,0,0,0,0,1,1,1,1
231,231,Anthony Davidson,0,24,0,0,0,0,0,0,0,0,11,0,4,0,6,0
232,232,Jimmy Davies,0,5,0,0,0,0,0,0,1,1,1,1,3,0,8,0
233,233,Colin Davis,0,2,0,0,0,0,0,0,0,0,1,1,3,0,3,0
234,234,Jimmy Daywalt,0,6,0,0,0,0,0,0,0,0,3,0,3,0,8,0
235,235,Andrea De Adamich,0,30,0,0,0,0,0,0,0,0,15,0,6,0,8,0
236,236,Elio De Angelis,0,108,0,2,0,3,0,0,9,0,49,0,3,0,13,0
237,237,Jorge De Bagration,0,0,0,0,0,0,0,0,0,0,0,0,2,0,2,0
238,238,Mario Araujo De Cabral,0,4,0,0,0,0,0,0,0,0,3,0,2,0,3,0
239,239,Andrea De Cesaris,0,208,0,0,0,1,1,1,5,0,147,0,10,0,21,0
240,240,Alain De Changy,0,0,0,0,0,0,0,0,0,0,0,0,1,1,1,1
241,241,Bernard De Dryver,0,0,0,0,0,0,0,0,0,0,0,0,2,0,2,0
242,242,Luigi De Filippis,0,0,0,0,0,0,0,0,0,0,0,0,1,1,1,1
243,243,Maria Teresa De Filippis,0,3,0,0,0,0,0,0,0,0,2,0,2,0,2,0
244,244,Emmanuel De Graffenried,0,22,0,0,0,0,0,0,0,0,10,0,2,0,5,0
245,245,Peter De Klerk,0,4,0,0,0,0,0,0,0,0,1,1,2,0,3,0
246,246,Pedro De La Rosa,0,105,0,0,0,0,1,1,1,1,49,0,6,0,9,0
247,247,Casimiro De Oliveira,0,0,0,0,0,0,0,0,0,0,0,0,1,1,1,1
248,248,Alfonso De Portago,0,5,0,0,0,0,0,0,1,1,3,0,1,1,2,0
249,249,Giovanni De Riu,0,0,0,0,0,0,0,0,0,0,0,0,1,1,1,1
250,250,Max De Terra,0,2,0,0,0,0,0,0,0,0,1,1,2,0,2,0
251,251,Alessandro De Tomaso,0,2,0,0,0,0,0,0,0,0,1,1,2,0,2,0
252,252,Charles De Tornaco,0,2,0,0,0,0,0,0,0,0,1,1,1,1,1,1
253,253,Emilio De Villota,0,2,0,0,0,0,0,0,0,0,1,1,4,0,4,0
254,254,Jean-denis Deletraz,0,3,0,0,0,0,0,0,0,0,2,0,2,0,2,0
255,255,Patrick Depailler,0,95,0,2,0,1,4,0,19,0,41,0,3,0,8,0
256,256,Billy Devore,0,0,0,0,0,0,0,0,0,0,0,0,2,0,2,0
257,257,Ernie Devos,0,0,0,0,0,0,0,0,0,0,0,0,1,1,1,1
258,258,Lucas Di Grassi,0,18,0,0,0,0,0,0,0,0,8,0,1,1,1,1
259,259,Paul Di Resta,0,59,0,0,0,0,0,0,0,0,11,0,2,0,5,0
260,260,Pedro Diniz,0,98,0,0,0,0,0,0,0,0,58,0,4,0,6,0
261,261,Duke Dinsmore,0,4,0,0,0,0,0,0,0,0,2,0,5,0,6,0
262,262,Frank Dochnal,0,0,0,0,0,0,0,0,0,0,0,0,1,1,1,1
263,263,José Dolhem,0,1,1,0,0,0,0,0,0,0,1,1,1,1,1,1
264,264,Martin Donnelly,0,13,0,0,0,0,0,0,0,0,7,0,2,0,2,0
265,265,Mark Donohue,0,14,0,0,0,0,0,0,1,1,7,0,3,0,3,0
266,266,Robert Doornbos,0,11,0,0,0,0,0,0,0,0,3,0,3,0,4,0
267,267,Fritz D'orey,0,3,0,0,0,0,0,0,0,0,2,0,2,0,2,0
268,268,Ken Downing,0,2,0,0,0,0,0,0,0,0,1,1,1,1,1,1
269,269,Bob Drake,0,1,1,0,0,0,0,0,0,0,0,0,1,1,1,1
270,270,Paddy Driver,0,1,1,0,0,0,0,0,0,0,1,1,1,1,2,0
271,271,Piero Drogo,0,1,1,0,0,0,0,0,0,0,0,0,1,1,1,1
272,272,Lee Drollinger,0,0,0,0,0,0,0,0,0,0,0,0,1,1,1,1
273,273,Geoff Duke,0,0,0,0,0,0,0,0,0,0,0,0,1,1,1,1
274,274,Johnny Dumfries,0,15,0,0,0,0,0,0,0,0,9,0,1,1,1,1
275,275,Len Duncan,0,1,1,0,0,0,0,0,0,0,0,0,3,0,4,0
276,276,Ted Duncan,0,0,0,0,0,0,0,0,0,0,0,0,1,1,1,1
277,277,Carlo Dusio,0,0,0,0,0,0,0,0,0,0,0,0,1,1,1,1
278,278,Piero Dusio,0,0,0,0,0,0,0,0,0,0,0,0,1,1,1,1
279,279,Rex Easton,0,0,0,0,0,0,0,0,0,0,0,0,2,0,3,0
280,280,George Eaton,0,11,0,0,0,0,0,0,0,0,7,0,1,1,4,0
281,281,Kenny Eaton,0,0,0,0,0,0,0,0,0,0,0,0,3,0,3,0
282,282,Bernie Ecclestone,0,0,0,0,0,0,0,0,0,0,0,0,1,1,1,1
283,283,Don Edmunds,0,1,1,0,0,0,0,0,0,0,1,1,2,0,3,0
284,284,Guy Edwards,0,11,0,0,0,0,0,0,0,0,4,0,3,0,3,0
285,285,Vic Elford,0,13,0,0,0,0,0,0,0,0,5,0,3,0,3,0
286,286,Ed Elisian,0,5,0,0,0,0,0,0,0,0,3,0,3,0,5,0
287,287,Paul Emery,0,1,1,0,0,0,0,0,0,0,1,1,3,0,3,0
288,288,Tomas Enge,0,3,0,0,0,0,0,0,0,0,1,1,1,1,1,1
289,289,Jack Ensley,0,0,0,0,0,0,0,0,0,0,0,0,1,1,2,0
290,290,Marcus Ericsson,0,97,0,0,0,0,0,0,0,0,24,0,2,0,5,0
291,291,Harald Ertl,0,19,0,0,0,0,0,0,0,0,10,0,3,0,6,0
292,292,Nasif Estefano,0,1,1,0,0,0,0,0,0,0,0,0,2,0,2,0
293,293,Philippe Etancelin,0,12,0,0,0,0,0,0,0,0,6,0,2,0,3,0
294,294,Bob Evans,0,10,0,0,0,0,0,0,0,0,5,0,3,0,3,0
295,295,Corrado Fabi,0,12,0,0,0,0,0,0,0,0,10,0,2,0,3,0
296,296,Teo Fabi,0,64,0,0,0,3,2,0,2,0,48,0,3,0,6,0
297,297,Pascal Fabre,0,11,0,0,0,0,0,0,0,0,3,0,1,1,2,0
298,298,Carlo Facetti,0,0,0,0,0,0,0,0,0,0,0,0,1,1,1,1
299,299,Luigi Fagioli,0,7,0,1,1,0,0,0,6,0,1,1,1,1,2,0
300,300,Jack Fairman,0,12,0,0,0,0,0,0,0,0,7,0,5,0,8,0
301,301,Juan Manuel Fangio,5,51,0,24,0,29,23,0,35,0,14,0,5,0,8,0
302,302,Milt Fankhauser,0,0,0,0,0,0,0,0,0,0,0,0,1,1,1,1
303,303,Giuseppe Farina,1,33,0,5,0,5,5,0,20,0,10,0,4,0,8,0
304,304,Walt Faulkner,0,5,0,0,0,1,0,0,0,0,1,1,5,0,7,0
305,305,Fairuz Fauzy,0,0,0,0,0,0,0,0,0,0,0,0,1,1,1,1
306,306,Johnny Fedricks,0,0,0,0,0,0,0,0,0,0,0,0,2,0,4,0
307,307,Willie Ferguson,0,0,0,0,0,0,0,0,0,0,0,0,1,1,1,1
308,308,Ralph Firman,0,14,0,0,0,0,0,0,0,0,6,0,1,1,1,1
309,309,Ludwig Fischer,0,0,0,0,0,0,0,0,0,0,0,0,1,1,1,1
310,310,Rudi Fischer,0,7,0,0,0,0,0,0,2,0,1,1,2,0,3,0
311,311,Mike Fisher,0,2,0,0,0,0,0,0,0,0,1,1,1,1,1,1
312,312,Giancarlo Fisichella,0,229,0,3,0,4,2,0,19,0,74,0,7,0,15,0
313,313,John Fitch,0,2,0,0,0,0,0,0,0,0,1,1,2,0,2,0
314,314,Christian Fittipaldi,0,40,0,0,0,0,0,0,0,0,17,0,2,0,4,0
315,315,Emerson Fittipaldi,2,144,0,14,0,6,6,0,35,0,50,0,4,0,13,0
316,316,Pietro Fittipaldi,0,2,0,0,0,0,0,0,0,0,0,0,1,1,1,1
317,317,Wilson Fittipaldi,0,35,0,0,0,0,0,0,0,0,21,0,2,0,7,0
318,318,Theo Fitzau,0,1,1,0,0,0,0,0,0,0,1,1,1,1,1,1
319,319,Pat Flaherty,0,6,0,1,1,1,0,0,1,1,3,0,2,0,5,0
320,320,Jan Flinterman,0,1,1,0,0,0,0,0,0,0,1,1,1,1,1,1
321,321,Ron Flockhart,0,13,0,0,0,0,0,0,1,1,8,0,5,0,6,0
322,322,Myron Fohr,0,1,1,0,0,0,0,0,0,0,0,0,1,1,1,1
323,323,Gregor Foitek,0,7,0,0,0,0,0,0,0,0,6,0,5,0,6,0
324,324,George Follmer,0,12,0,0,0,0,0,0,1,1,5,0,1,1,1,1
325,325,George Fonder,0,2,0,0,0,0,0,0,0,0,1,1,5,0,6,0
326,326,Adderly Fong,0,0,0,0,0,0,0,0,0,0,0,0,1,1,1,1
327,327,Norberto Fontana,0,4,0,0,0,0,0,0,0,0,1,1,1,1,1,1
328,328,Carl Forberg,0,1,1,0,0,0,0,0,0,0,0,0,3,0,3,0
329,329,Gene Force,0,2,0,0,0,0,0,0,0,0,2,0,5,0,6,0
330,330,Franco Forini,0,2,0,0,0,0,0,0,0,0,2,0,1,1,1,1
331,331,Philip Fotheringham-parker,0,1,1,0,0,0,0,0,0,0,1,1,1,1,1,1
332,332,Aj Foyt,0,3,0,0,0,0,0,0,0,0,2,0,4,0,4,0
333,333,Dick Fraizer,0,0,0,0,0,0,0,0,0,0,0,0,2,0,2,0
334,334,Giorgio Francia,0,0,0,0,0,0,0,0,0,0,0,0,2,0,2,0
335,335,Don Freeland,0,8,0,0,0,0,0,0,1,1,4,0,3,0,5,0
336,336,Heinz-harald Frentzen,0,156,0,3,0,2,6,0,18,0,68,0,5,0,13,0
337,337,Paul Frere,0,11,0,0,0,0,0,0,1,1,6,0,4,0,6,0
338,338,Patrick Friesacher,0,11,0,0,0,0,0,0,0,0,6,0,1,1,2,0
339,339,Robin Frijns,0,0,0,0,0,0,0,0,0,0,0,0,1,1,1,1
340,340,Joe Fry,0,1,1,0,0,0,0,0,0,0,0,0,1,1,1,1
341,341,Andy Furci,0,0,0,0,0,0,0,0,0,0,0,0,1,1,1,1
342,342,Hiroshi Fushida,0,0,0,0,0,0,0,0,0,0,0,0,1,1,1,1
343,343,Beppe Gabbiani,0,3,0,0,0,0,0,0,0,0,3,0,2,0,2,0
344,344,Bertrand Gachot,0,47,0,0,0,0,1,1,0,0,34,0,7,0,9,0
345,345,Giancarlo Gagliardi,0,0,0,0,0,0,0,0,0,0,0,0,1,1,1,1
346,346,Patrick Gaillard,0,2,0,0,0,0,0,0,0,0,1,1,1,1,1,1
347,347,Divina Galica,0,0,0,0,0,0,0,0,0,0,0,0,2,0,2,0
348,348,Nanni Galli,0,17,0,0,0,0,0,0,0,0,9,0,5,0,7,0
349,349,Oscar Galvez,0,1,1,0,0,0,0,0,0,0,0,0,1,1,1,1
350,350,Fred Gamble,0,1,1,0,0,0,0,0,0,0,0,0,1,1,1,1
351,351,Howden Ganley,0,35,0,0,0,0,0,0,0,0,11,0,4,0,9,0
352,352,Nestor Garcia-veiga,0,0,0,0,0,0,0,0,0,0,0,0,1,1,1,1
353,353,Frank Gardner,0,8,0,0,0,0,0,0,0,0,5,0,3,0,4,0
354,354,Billy Garrett,0,2,0,0,0,0,0,0,0,0,1,1,2,0,3,0
355,355,Jo Gartner,0,8,0,0,0,0,0,0,0,0,6,0,2,0,3,0
356,356,Pierre Gasly,0,64,0,1,1,0,2,0,2,0,11,0,3,0,6,0
357,357,Oliver Gavin,0,0,0,0,0,0,0,0,0,0,0,0,1,1,1,1
358,358,Tony Gaze,0,3,0,0,0,0,0,0,0,0,2,0,1,1,2,0
359,359,Geki,0,2,0,0,0,0,0,0,0,0,1,1,2,0,3,0
360,360,Sean Gelael,0,0,0,0,0,0,0,0,0,0,0,0,1,1,2,0
361,361,Olivier Gendebien,0,14,0,0,0,0,0,0,2,0,3,0,4,0,8,0
362,362,Marc Gene,0,36,0,0,0,0,0,0,0,0,14,0,2,0,4,0
363,363,Elmer George,0,1,1,0,0,0,0,0,0,0,1,1,3,0,3,0
364,364,Bob Gerard,0,8,0,0,0,0,0,0,0,0,1,1,2,0,4,0
365,365,Gerino Gerini,0,6,0,0,0,0,0,0,0,0,2,0,1,1,1,1
366,366,Peter Gethin,0,30,0,1,1,0,0,0,1,1,15,0,3,0,9,0
367,367,Piercarlo Ghinzani,0,76,0,0,0,0,0,0,0,0,57,0,4,0,12,0
368,368,Bruno Giacomelli,0,69,0,0,0,1,0,0,1,1,42,0,4,0,9,0
369,369,Joe Giba,0,0,0,0,0,0,0,0,0,0,0,0,1,1,1,1
370,370,Gimax,0,0,0,0,0,0,0,0,0,0,0,0,1,1,1,1
371,371,Richie Ginther,0,52,0,1,1,0,3,0,14,0,14,0,6,0,11,0
372,372,Antonio Giovinazzi,0,40,0,0,0,0,0,0,0,0,6,0,3,0,6,0
373,373,Yves Giraud-cabantous,0,13,0,0,0,0,0,0,0,0,5,0,2,0,4,0
374,374,Ignazio Giunti,0,4,0,0,0,0,0,0,0,0,1,1,1,1,1,1
375,375,Timo Glock,0,91,0,0,0,0,1,1,3,0,17,0,4,0,6,0
376,376,Helmut Glockler,0,0,0,0,0,0,0,0,0,0,0,0,1,1,1,1
377,377,Potsy Goacher,0,0,0,0,0,0,0,0,0,0,0,0,2,0,2,0
378,378,Francisco Godia-sales,0,13,0,0,0,0,0,0,0,0,5,0,1,1,2,0
379,379,Carel Godin De Beaufort,0,26,0,0,0,0,0,0,0,0,5,0,3,0,4,0
380,380,Paul Goldsmith,0,3,0,0,0,0,0,0,1,1,1,1,2,0,2,0
381,381,Jose-froilan Gonzalez,0,26,0,2,0,3,6,0,15,0,10,0,4,0,10,0
382,382,Oscar Gonzalez,0,1,1,0,0,0,0,0,0,0,0,0,1,1,1,1
383,383,Rodolfo Gonzalez,0,0,0,0,0,0,0,0,0,0,0,0,1,1,1,1
384,384,Julio Gonzalez-pola,0,0,0,0,0,0,0,0,0,0,0,0,1,1,1,1
385,385,Aldo Gordini,0,1,1,0,0,0,0,0,0,0,1,1,1,1,1,1
386,386,Horace Gould,0,14,0,0,0,0,0,0,0,0,9,0,2,0,2,0
387,387,Jean-marc Gounon,0,9,0,0,0,0,0,0,0,0,5,0,3,0,3,0
388,388,Cecil Green,0,2,0,0,0,0,0,0,0,0,1,1,1,1,1,1
389,389,Keith Greene,0,3,0,0,0,0,0,0,0,0,2,0,3,0,3,0
390,390,Bob Gregg,0,0,0,0,0,0,0,0,0,0,0,0,1,1,1,1
391,391,Masten Gregory,0,38,0,0,0,0,0,0,3,0,17,0,6,0,9,0
392,392,Cliff Griffith,0,3,0,0,0,0,0,0,0,0,1,1,3,0,5,0
393,393,Georges Grignard,0,1,1,0,0,0,0,0,0,0,1,1,1,1,1,1
394,394,Bobby Grim,0,2,0,0,0,0,0,0,0,0,1,1,2,0,2,0
395,395,Romain Grosjean,0,179,0,0,0,0,1,1,10,0,50,0,3,0,11,0
396,396,Olivier Grouillard,0,41,0,0,0,0,0,0,0,0,26,0,5,0,7,0
397,397,Brian Gubby,0,0,0,0,0,0,0,0,0,0,0,0,1,1,1,1
398,398,Miguel Angel Guerra,0,1,1,0,0,0,0,0,0,0,1,1,1,1,1,1
399,399,Roberto Guerrero,0,21,0,0,0,0,0,0,0,0,13,0,2,0,3,0
400,400,Mauricio Gugelmin,0,74,0,0,0,0,1,1,1,1,43,0,3,0,5,0
401,401,Gianbattista Guidotti,0,0,0,0,0,0,0,0,0,0,0,0,1,1,2,0
402,402,Dan Gurney,0,86,0,4,0,3,6,0,19,0,45,0,7,0,14,0
403,403,Esteban Gutierrez,0,59,0,0,0,0,1,1,0,0,15,0,2,0,4,0
404,404,Peter Hahn,0,0,0,0,0,0,0,0,0,0,0,0,1,1,1,1
405,405,Hubert Hahne,0,2,0,0,0,0,0,0,0,0,1,1,2,0,3,0
406,406,Mike Hailwood,0,50,0,0,0,0,1,1,2,0,28,0,4,0,7,0
407,407,Mika Hakkinen,2,161,0,20,0,26,25,0,51,0,62,0,2,0,15,0
408,408,Bruce Halford,0,8,0,0,0,0,0,0,0,0,6,0,4,0,4,0
409,409,Jim Hall,0,11,0,0,0,0,0,0,0,0,4,0,1,1,3,0
410,410,Norm Hall,0,0,0,0,0,0,0,0,0,0,0,0,1,1,1,1
411,411,Duncan Hamilton,0,5,0,0,0,0,0,0,0,0,3,0,2,0,3,0
412,412,Lewis Hamilton,7,266,0,95,0,98,53,0,165,0,26,0,2,0,15,0
413,413,Red Hamilton,0,0,0,0,0,0,0,0,0,0,0,0,1,1,1,1
414,414,David Hampshire,0,2,0,0,0,0,0,0,0,0,1,1,1,1,1,1
415,415,Sam Hanks,0,8,0,1,1,0,0,0,4,0,3,0,2,0,5,0
416,416,Walt Hansgen,0,2,0,0,0,0,0,0,0,0,1,1,2,0,4,0
417,417,Mike Harris,0,1,1,0,0,0,0,0,0,0,1,1,1,1,1,1
418,418,Cuth Harrison,0,3,0,0,0,0,0,0,0,0,2,0,1,1,1,1
419,419,Brendon Hartley,0,25,0,0,0,0,0,0,0,0,9,0,1,1,2,0
420,420,Gene Hartley,0,8,0,0,0,0,0,0,0,0,3,0,5,0,7,0
421,421,Rio Haryanto,0,12,0,0,0,0,0,0,0,0,3,0,1,1,1,1
422,422,Masahiro Hasemi,0,1,1,0,0,0,0,0,0,0,0,0,1,1,1,1
423,423,Naoki Hattori,0,0,0,0,0,0,0,0,0,0,0,0,1,1,1,1
424,424,Paul Hawkins,0,3,0,0,0,0,0,0,0,0,2,0,3,0,4,0
425,425,Mike Hawthorn,2,45,0,3,0,4,6,0,18,0,13,0,5,0,12,0
426,426,Boy Hayje,0,3,0,0,0,0,0,0,0,0,2,0,2,0,2,0
427,427,Allen Heath,0,0,0,0,0,0,0,0,0,0,0,0,3,0,3,0
428,428,Willi Heeks,0,2,0,0,0,0,0,0,0,0,2,0,2,0,2,0
429,429,Nick Heidfeld,0,183,0,0,0,1,2,0,13,0,48,0,6,0,12,0
430,430,Theo Helfrich,0,3,0,0,0,0,0,0,0,0,2,0,2,0,2,0
431,431,Mack Hellings,0,2,0,0,0,0,0,0,0,0,1,1,2,0,2,0
432,432,Brian Henton,0,19,0,0,0,0,1,1,0,0,7,0,7,0,7,0
433,433,Johnny Herbert,0,161,0,3,0,0,0,0,7,0,78,0,7,0,17,0
434,434,Al Herman,0,5,0,0,0,0,0,0,0,0,3,0,4,0,7,0
435,435,Hans Herrmann,0,17,0,0,0,0,1,1,1,1,8,0,6,0,7,0
436,436,François Hesnault,0,19,0,0,0,0,0,0,0,0,14,0,3,0,3,0
437,437,Hans Heyer,0,1,1,0,0,0,0,0,0,0,0,0,1,1,1,1
438,438,Damon Hill,2,115,0,22,0,20,19,0,42,0,41,0,4,0,10,0
439,439,Graham Hill,6,175,0,14,0,13,10,0,36,0,78,0,6,0,22,0
440,440,Phil Hill,2,47,0,3,0,6,6,0,16,0,18,0,7,0,10,0
441,441,Noel Hillis,0,0,0,0,0,0,0,0,0,0,0,0,1,1,1,1
442,442,Peter Hirt,0,5,0,0,0,0,0,0,0,0,3,0,2,0,3,0
443,443,David Hobbs,0,6,0,0,0,0,0,0,0,0,1,1,4,0,4,0
444,444,Gary Hocking,0,0,0,0,0,0,0,0,0,0,0,0,1,1,1,1
445,445,Ingo Hoffmann,0,3,0,0,0,0,0,0,0,0,1,1,1,1,2,0
446,446,Bill Holland,0,2,0,0,0,0,0,0,1,1,0,0,2,0,4,0
447,447,Jackie Holmes,0,2,0,0,0,0,0,0,0,0,2,0,4,0,5,0
448,448,Bill Homeier,0,3,0,0,0,0,0,0,0,0,2,0,5,0,6,0
449,449,Kazuyoshi Hoshino,0,2,0,0,0,0,0,0,0,0,1,1,2,0,2,0
450,450,Norm Houser,0,0,0,0,0,0,0,0,0,0,0,0,1,1,1,1
451,451,Jerry Hoyt,0,4,0,0,0,1,0,0,0,0,2,0,3,0,7,0
452,452,Nico Hulkenberg,0,179,0,0,0,1,2,0,0,0,38,0,5,0,11,0
453,453,Denny Hulme,1,112,0,8,0,1,9,0,33,0,33,0,2,0,13,0
454,454,Chuck Hulse,0,0,0,0,0,0,0,0,0,0,0,0,2,0,2,0
455,455,James Hunt,2,92,0,10,0,14,8,0,23,0,46,0,4,0,7,0
456,456,Jim Hurtubise,0,1,1,0,0,0,0,0,0,0,1,1,1,1,1,1
457,457,Gus Hutchison,0,1,1,0,0,0,0,0,0,0,1,1,1,1,1,1
458,458,Jacky Ickx,0,114,0,8,0,13,14,0,25,0,50,0,9,0,16,0
459,459,Yuji Ide,0,4,0,0,0,0,0,0,0,0,3,0,1,1,1,1
460,460,Jesus Iglesias,0,1,1,0,0,0,0,0,0,0,1,1,1,1,1,1
461,461,Callum Ilott,0,0,0,0,0,0,0,0,0,0,0,0,1,1,1,1
462,462,Taki Inoue,0,18,0,0,0,0,0,0,0,0,13,0,2,0,2,0
463,463,Innes Ireland,0,50,0,1,1,0,1,1,4,0,24,0,3,0,9,0
464,464,Eddie Irvine,0,146,0,4,0,0,1,1,26,0,66,0,3,0,10,0
465,465,Chris Irwin,0,10,0,0,0,0,0,0,0,0,6,0,4,0,6,0
466,466,Jean-pierre Jabouille,0,49,0,2,0,6,0,0,2,0,37,0,6,0,8,0
467,467,Jimmy Jackson,0,2,0,0,0,0,0,0,0,0,1,1,1,1,2,0
468,468,Joe James,0,2,0,0,0,0,0,0,0,0,1,1,3,0,4,0
469,469,John James,0,1,1,0,0,0,0,0,0,0,1,1,1,1,1,1
470,470,Neel Jani,0,0,0,0,0,0,0,0,0,0,0,0,1,1,1,1
471,471,Jean-pierre Jarier,0,134,0,0,0,3,3,0,3,0,69,0,8,0,20,0
472,472,Max Jean,0,1,1,0,0,0,0,0,0,0,0,0,1,1,1,1
473,473,Tony Jefferies,0,0,0,0,0,0,0,0,0,0,0,0,1,1,1,1
474,474,Stefan Johansson,0,79,0,0,0,0,0,0,12,0,38,0,11,0,15,0
475,475,Eddie Johnson,0,9,0,0,0,0,0,0,0,0,1,1,5,0,7,0
476,476,Leslie Johnson,0,1,1,0,0,0,0,0,0,0,1,1,1,1,1,1
477,477,Van Johnson,0,0,0,0,0,0,0,0,0,0,0,0,1,1,1,1
478,478,Bruce Johnstone,0,1,1,0,0,0,0,0,0,0,0,0,1,1,1,1
479,479,Alan Jones,3,116,0,12,0,6,13,0,24,0,48,0,7,0,11,0
480,480,Tom Jones,0,0,0,0,0,0,0,0,0,0,0,0,1,1,2,0
481,481,Juan Jover,0,0,0,0,0,0,0,0,0,0,0,0,1,1,1,1
482,482,Daniel Juncadella,0,0,0,0,0,0,0,0,0,0,0,0,1,1,1,1
483,483,Oswald Karch,0,1,1,0,0,0,0,0,0,0,1,1,1,1,1,1
484,484,Narain Karthikeyan,0,46,0,0,0,0,0,0,0,0,13,0,2,0,4,0
485,485,Ukyo Katayama,0,95,0,0,0,0,0,0,0,0,63,0,3,0,7,0
486,486,Ken Kavanagh,0,0,0,0,0,0,0,0,0,0,0,0,1,1,1,1
487,487,Johnny Kay,0,0,0,0,0,0,0,0,0,0,0,0,3,0,4,0
488,488,Rupert Keegan,0,25,0,0,0,0,0,0,0,0,13,0,4,0,5,0
489,489,Eddie Keizan,0,3,0,0,0,0,0,0,0,0,0,0,2,0,2,0
490,490,Al Keller,0,5,0,0,0,0,0,0,0,0,3,0,2,0,5,0
491,491,Joe Kelly,0,2,0,0,0,0,0,0,0,0,0,0,1,1,1,1
492,492,David Kennedy,0,0,0,0,0,0,0,0,0,0,0,0,1,1,2,0
493,493,Loris Kessel,0,3,0,0,0,0,0,0,0,0,1,1,3,0,3,0
494,494,Bruce Kessler,0,0,0,0,0,0,0,0,0,0,0,0,1,1,1,1
495,495,Nicolas Kiesa,0,5,0,0,0,0,0,0,0,0,0,0,2,0,2,0
496,496,Jordan King,0,0,0,0,0,0,0,0,0,0,0,0,1,1,1,1
497,497,Leo Kinnunen,0,1,1,0,0,0,0,0,0,0,1,1,1,1,1,1
498,498,Danny Kladis,0,1,1,0,0,0,0,0,0,0,1,1,4,0,4,0
499,499,Russ Klar,0,0,0,0,0,0,0,0,0,0,0,0,1,1,1,1
500,500,Hans Klenk,0,1,1,0,0,0,0,0,0,0,0,0,1,1,1,1
501,501,Christian Klien,0,49,0,0,0,0,0,0,0,0,14,0,4,0,5,0
502,502,Karl Kling,0,11,0,0,0,0,1,1,2,0,6,0,1,1,2,0
503,503,Ernst Klodwig,0,2,0,0,0,0,0,0,0,0,0,0,1,1,1,1
504,504,Ray Knepper,0,0,0,0,0,0,0,0,0,0,0,0,1,1,1,1
505,505,Kamui Kobayashi,0,75,0,0,0,0,1,1,1,1,22,0,4,0,5,0
506,506,Helmuth Koinigg,0,2,0,0,0,0,0,0,0,0,1,1,2,0,2,0
507,507,Heikki Kovalainen,0,111,0,1,1,1,2,0,4,0,22,0,4,0,8,0
508,508,Mikko Kozarowitsky,0,0,0,0,0,0,0,0,0,0,0,0,1,1,1,1
509,509,Willi Krakau,0,0,0,0,0,0,0,0,0,0,0,0,1,1,1,1
510,510,Rudolf Krause,0,2,0,0,0,0,0,0,0,0,1,1,1,1,1,1
511,511,Robert Kubica,0,97,0,1,1,1,1,1,12,0,14,0,4,0,8,0
512,512,Kurt Kuhnke,0,0,0,0,0,0,0,0,0,0,0,0,1,1,1,1
513,513,Masami Kuwashima,0,0,0,0,0,0,0,0,0,0,0,0,1,1,1,1
514,514,Daniil Kvyat,0,110,0,0,0,0,1,1,3,0,22,0,3,0,8,0
515,515,Jacques Laffite,0,176,0,6,0,7,7,0,32,0,87,0,4,0,18,0
516,516,Jean-louis Lafosse,0,0,0,0,0,0,0,0,0,0,0,0,1,1,1,1
517,517,Franck Lagorce,0,2,0,0,0,0,0,0,0,0,1,1,1,1,1,1
518,518,Jan Lammers,0,23,0,0,0,0,0,0,0,0,11,0,5,0,8,0
519,519,Pedro Lamy,0,32,0,0,0,0,0,0,0,0,15,0,2,0,4,0
520,520,Chico Landi,0,6,0,0,0,0,0,0,0,0,3,0,2,0,4,0
521,521,Tony Lanfranchi,0,0,0,0,0,0,0,0,0,0,0,0,2,0,2,0
522,522,Adolf Lang,0,0,0,0,0,0,0,0,0,0,0,0,2,0,2,0
523,523,Hermann Lang,0,2,0,0,0,0,0,0,0,0,1,1,2,0,2,0
524,524,Claudio Langes,0,0,0,0,0,0,0,0,0,0,0,0,1,1,1,1
525,525,Nicola Larini,0,49,0,0,0,0,0,0,1,1,24,0,6,0,9,0
526,526,Oscar Larrauri,0,7,0,0,0,0,0,0,0,0,5,0,1,1,2,0
527,527,Gérard Larrousse,0,1,1,0,0,0,0,0,0,0,1,1,2,0,2,0
528,528,Jud Larson,0,2,0,0,0,0,0,0,0,0,1,1,4,0,4,0
529,529,Nicholas Latifi,0,17,0,0,0,0,0,0,0,0,3,0,2,0,4,0
530,530,Niki Lauda,5,171,0,25,0,24,24,0,54,0,80,0,5,0,21,0
531,531,Roger Laurent,0,2,0,0,0,0,0,0,0,0,0,0,2,0,2,0
532,532,Giovanni Lavaggi,0,7,0,0,0,0,0,0,0,0,6,0,2,0,2,0
533,533,Chris Lawrence,0,2,0,0,0,0,0,0,0,0,1,1,1,1,1,1
534,534,Charles Leclerc,0,59,0,2,0,7,4,0,12,0,13,0,3,0,6,0
535,535,Michel Leclere,0,7,0,0,0,0,0,0,0,0,2,0,2,0,2,0
536,536,Neville Lederle,0,1,1,0,0,0,0,0,0,0,0,0,1,1,1,1
537,537,Geoff Lees,0,5,0,0,0,0,0,0,0,0,3,0,6,0,9,0
538,538,Arthur Legat,0,2,0,0,0,0,0,0,0,0,1,1,1,1,1,1
539,539,Jj Lehto,0,62,0,0,0,0,0,0,1,1,36,0,5,0,8,0
540,540,Chuck Leighton,0,0,0,0,0,0,0,0,0,0,0,0,1,1,1,1
541,541,Fabio Leimer,0,0,0,0,0,0,0,0,0,0,0,0,1,1,1,1
542,542,Bas Leinders,0,0,0,0,0,0,0,0,0,0,0,0,1,1,1,1
543,543,Lamberto Leoni,0,1,1,0,0,0,0,0,0,0,1,1,2,0,2,0
544,544,Les Leston,0,2,0,0,0,0,0,0,0,0,2,0,3,0,3,0
545,545,Pierre Levegh,0,6,0,0,0,0,0,0,0,0,3,0,1,1,1,1
546,546,Bayliss Levrett,0,1,1,0,0,0,0,0,0,0,0,0,3,0,3,0
547,547,Jackie Lewis,0,9,0,0,0,0,0,0,0,0,4,0,2,0,2,0
548,548,Stuart Lewis-evans,0,14,0,0,0,2,0,0,2,0,8,0,2,0,2,0
549,549,Mark Light,0,0,0,0,0,0,0,0,0,0,0,0,2,0,2,0
550,550,Guy Ligier,0,12,0,0,0,0,0,0,0,0,2,0,2,0,2,0
551,551,Ralph Liguori,0,0,0,0,0,0,0,0,0,0,0,0,2,0,2,0
552,552,Andy Linden,0,7,0,0,0,0,0,0,0,0,4,0,6,0,8,0
553,553,Roberto Lippi,0,1,1,0,0,0,0,0,0,0,1,1,1,1,1,1
554,554,Vitantonio Liuzzi,0,80,0,0,0,0,0,0,0,0,29,0,4,0,6,0
555,555,Pedro Llano,0,0,0,0,0,0,0,0,0,0,0,0,0,0,2,0
556,556,Lella Lombardi,0,12,0,0,0,0,0,0,0,0,5,0,3,0,6,0
557,557,Ricardo Londono,0,0,0,0,0,0,0,0,0,0,0,0,1,1,1,1
558,558,Ernst Loof,0,1,1,0,0,0,0,0,0,0,1,1,1,1,1,1
559,559,André Lotterer,0,1,1,0,0,0,0,0,0,0,1,1,1,1,1,1
560,560,Henri Louveau,0,2,0,0,0,0,0,0,0,0,2,0,1,1,2,0
561,561,John Love,0,9,0,0,0,0,0,0,1,1,4,0,5,0,7,0
562,562,Pete Lovely,0,7,0,0,0,0,0,0,0,0,1,1,2,0,4,0
563,563,Roger Loyer,0,1,1,0,0,0,0,0,0,0,1,1,1,1,1,1
564,564,Jean Lucas,0,1,1,0,0,0,0,0,0,0,1,1,1,1,1,1
565,565,Jean Lucienbonnet,0,0,0,0,0,0,0,0,0,0,0,0,1,1,1,1
566,566,Erik Lundgren,0,0,0,0,0,0,0,0,0,0,0,0,1,1,1,1
567,567,Brett Lunger,0,34,0,0,0,0,0,0,0,0,13,0,5,0,6,0
568,568,Frank Luptow,0,0,0,0,0,0,0,0,0,0,0,0,1,1,1,1
569,569,George Lynch,0,0,0,0,0,0,0,0,0,0,0,0,2,0,2,0
570,570,Qing Hua Ma,0,0,0,0,0,0,0,0,0,0,0,0,2,0,2,0
571,571,Mike Macdowel,0,1,1,0,0,0,0,0,0,0,0,0,1,1,1,1
572,572,Herbert Mackay-fraser,0,1,1,0,0,0,0,0,0,0,1,1,1,1,1,1
573,573,Bill Mackey,0,1,1,0,0,0,0,0,0,0,1,1,1,1,1,1
574,574,Lance Macklin,0,13,0,0,0,0,0,0,0,0,8,0,2,0,3,0
575,575,Damien Magee,0,1,1,0,0,0,0,0,0,0,0,0,2,0,2,0
576,576,Tony Maggs,0,25,0,0,0,0,0,0,3,0,8,0,3,0,6,0
577,577,Mike Magill,0,3,0,0,0,0,0,0,0,0,3,0,3,0,3,0
578,578,Umberto Maglioli,0,9,0,0,0,0,0,0,2,0,3,0,2,0,4,0
579,579,Jan Magnussen,0,25,0,0,0,0,0,0,0,0,17,0,2,0,3,0
580,580,Kevin Magnussen,0,119,0,0,0,0,2,0,1,1,23,0,3,0,7,0
581,581,Guy Mairesse,0,3,0,0,0,0,0,0,0,0,1,1,1,1,1,1
582,582,Willy Mairesse,0,12,0,0,0,0,0,0,1,1,10,0,3,0,6,0
583,583,Pastor Maldonado,0,95,0,1,1,1,0,0,1,1,32,0,2,0,5,0
584,584,Nigel Mansell,3,187,0,31,0,32,30,0,59,0,92,0,4,0,21,0
585,585,Sergio Mantovani,0,7,0,0,0,0,0,0,0,0,2,0,1,1,2,0
586,586,Johnny Mantz,0,1,1,0,0,0,0,0,0,0,0,0,1,1,1,1
587,587,Robert Manzon,0,28,0,0,0,0,0,0,2,0,17,0,3,0,5,0
588,588,Raffaele Marciello,0,0,0,0,0,0,0,0,0,0,0,0,1,1,1,1
589,589,Onofre Marimon,0,11,0,0,0,0,1,1,2,0,8,0,2,0,3,0
590,590,Artem Markelov,0,0,0,0,0,0,0,0,0,0,0,0,1,1,1,1
591,591,Helmut Marko,0,9,0,0,0,0,0,0,0,0,2,0,2,0,5,0
592,592,Tarso Marques,0,24,0,0,0,0,0,0,0,0,14,0,1,1,3,0
593,593,Leslie Marr,0,2,0,0,0,0,0,0,0,0,1,1,1,1,2,0
594,594,Tony Marsh,0,2,0,0,0,0,0,0,0,0,1,1,2,0,2,0
595,595,Cy Marshall,0,0,0,0,0,0,0,0,0,0,0,0,1,1,1,1
596,596,Eugène Martin,0,2,0,0,0,0,0,0,0,0,2,0,1,1,1,1
597,597,Pierluigi Martini,0,118,0,0,0,0,0,0,0,0,65,0,3,0,12,0
598,598,Gianni Marzotto,0,0,0,0,0,0,0,0,0,0,0,0,1,1,1,1
599,599,Vittorio Marzotto,0,0,0,0,0,0,0,0,0,0,0,0,1,1,1,1
600,600,Jochen Mass,0,105,0,1,1,0,2,0,8,0,41,0,5,0,9,0
601,601,Felipe Massa,0,269,0,11,0,16,15,0,41,0,42,0,3,0,15,0
602,602,Johnny Mauro,0,0,0,0,0,0,0,0,0,0,0,0,2,0,2,0
603,603,Michael May,0,2,0,0,0,0,0,0,0,0,1,1,1,1,1,1
604,604,Tim Mayer,0,1,1,0,0,0,0,0,0,0,1,1,1,1,1,1
605,605,Raymond Mays,0,0,0,0,0,0,0,0,0,0,0,0,1,1,1,1
606,606,Nikita Mazepin,0,0,0,0,0,0,0,0,0,0,0,0,0,0,1,1
607,607,François Mazet,0,1,1,0,0,0,0,0,0,0,0,0,1,1,1,1
608,608,Gaston Mazzacane,0,21,0,0,0,0,0,0,0,0,9,0,2,0,2,0
609,609,Ken Mcalpine,0,7,0,0,0,0,0,0,0,0,4,0,1,1,2,0
610,610,Perry Mccarthy,0,0,0,0,0,0,0,0,0,0,0,0,1,1,1,1
611,611,Ernie Mccoy,0,2,0,0,0,0,0,0,0,0,0,0,3,0,3,0
612,612,Johnny Mcdowell,0,3,0,0,0,0,0,0,0,0,1,1,2,0,3,0
613,613,Jack Mcgrath,0,6,0,0,0,1,1,1,2,0,2,0,1,1,3,0
614,614,Brian Mcguire,0,0,0,0,0,0,0,0,0,0,0,0,1,1,1,1
615,615,Bruce Mclaren,0,98,0,4,0,0,3,0,27,0,39,0,3,0,14,0
616,616,John Mcnicol,0,0,0,0,0,0,0,0,0,0,0,0,1,1,1,1
617,617,Allan Mcnish,0,16,0,0,0,0,0,0,0,0,9,0,2,0,2,0
618,618,Graham Mcrae,0,1,1,0,0,0,0,0,0,0,1,1,1,1,1,1
619,619,Jim Mcwithey,0,2,0,0,0,0,0,0,0,0,1,1,4,0,5,0
620,620,Carlos Menditeguy,0,10,0,0,0,0,0,0,1,1,7,0,3,0,4,0
621,621,Roberto Merhi,0,13,0,0,0,0,0,0,0,0,1,1,2,0,2,0
622,622,Harry Merkel,0,0,0,0,0,0,0,0,0,0,0,0,1,1,1,1
623,623,Arturo Merzario,0,57,0,0,0,0,0,0,0,0,40,0,7,0,15,0
624,624,Roberto Mieres,0,17,0,0,0,0,1,1,0,0,9,0,2,0,3,0
625,625,François Migault,0,13,0,0,0,0,0,0,0,0,7,0,5,0,6,0
626,626,John Miles,0,12,0,0,0,0,0,0,0,0,8,0,1,1,5,0
627,627,Ken Miles,0,0,0,0,0,0,0,0,0,0,0,0,1,1,1,1
628,628,André Milhoux,0,1,1,0,0,0,0,0,0,0,1,1,1,1,1,1
629,629,Al Miller,0,0,0,0,0,0,0,0,0,0,0,0,1,1,1,1
630,630,Chet Miller,0,2,0,0,0,0,0,0,0,0,2,0,1,1,1,1
631,631,Gerhard Mitter,0,4,0,0,0,0,0,0,0,0,2,0,2,0,2,0
632,632,Stefano Modena,0,70,0,0,0,0,0,0,2,0,40,0,4,0,6,0
633,633,Manfred Mohr,0,0,0,0,0,0,0,0,0,0,0,0,1,1,1,1
634,634,Thomas Monarch,0,0,0,0,0,0,0,0,0,0,0,0,1,1,1,1
635,635,Giorgio Mondini,0,0,0,0,0,0,0,0,0,0,0,0,1,1,1,1
636,636,Franck Montagny,0,7,0,0,0,0,0,0,0,0,4,0,3,0,4,0
637,637,Tiago Monteiro,0,37,0,0,0,0,0,0,1,1,7,0,2,0,3,0
638,638,Andrea Montermini,0,20,0,0,0,0,0,0,0,0,14,0,3,0,4,0
639,639,Peter Monteverdi,0,0,0,0,0,0,0,0,0,0,0,0,1,1,1,1
640,640,Robin Montgomerie-charrington,0,1,1,0,0,0,0,0,0,0,1,1,1,1,1,1
641,641,Juan-pablo Montoya,0,94,0,7,0,13,12,0,30,0,30,0,2,0,6,0
642,642,Johnny Moorhouse,0,0,0,0,0,0,0,0,0,0,0,0,1,1,1,1
643,643,Gianni Morbidelli,0,67,0,0,0,0,0,0,1,1,35,0,5,0,9,0
644,644,Roberto Moreno,0,42,0,0,0,0,1,1,1,1,24,0,9,0,12,0
645,645,Dave Morgan,0,1,1,0,0,0,0,0,0,0,1,1,1,1,1,1
646,646,Silvio Moser,0,12,0,0,0,0,0,0,0,0,8,0,3,0,5,0
647,647,Bill Moss,0,0,0,0,0,0,0,0,0,0,0,0,1,1,1,1
648,648,Stirling Moss,0,66,0,16,0,16,19,0,24,0,33,0,10,0,17,0
649,649,Satoshi Motoyama,0,0,0,0,0,0,0,0,0,0,0,0,1,1,1,1
650,650,Earl Motter,0,0,0,0,0,0,0,0,0,0,0,0,1,1,1,1
651,651,Herbert Muller,0,0,0,0,0,0,0,0,0,0,0,0,1,1,1,1
652,652,Gino Munaron,0,4,0,0,0,0,0,0,0,0,2,0,2,0,2,0
653,653,Frank Mundy,0,0,0,0,0,0,0,0,0,0,0,0,1,1,1,1
654,654,David Murray,0,4,0,0,0,0,0,0,0,0,4,0,2,0,2,0
655,655,Luigi Musso,0,24,0,1,1,0,1,1,7,0,11,0,2,0,5,0
656,656,Kazuki Nakajima,0,36,0,0,0,0,0,0,0,0,8,0,1,1,3,0
657,657,Satoru Nakajima,0,74,0,0,0,0,1,1,0,0,37,0,2,0,6,0
658,658,Shinji Nakano,0,33,0,0,0,0,0,0,0,0,17,0,2,0,2,0
659,659,Duke Nalon,0,3,0,0,0,1,0,0,0,0,3,0,1,1,1,1
660,660,Alessandro Nannini,0,76,0,1,1,0,2,0,9,0,47,0,2,0,7,0
661,661,Emanuele Naspetti,0,6,0,0,0,0,0,0,0,0,3,0,2,0,2,0
662,662,Felipe Nasr,0,39,0,0,0,0,0,0,0,0,6,0,2,0,3,0
663,663,Massimo Natili,0,1,1,0,0,0,0,0,0,0,1,1,1,1,1,1
664,664,Brian Naylor,0,5,0,0,0,0,0,0,0,0,4,0,1,1,2,0
665,665,Mike Nazaruk,0,3,0,0,0,0,0,0,1,1,1,1,2,0,4,0
666,666,Tiff Needell,0,1,1,0,0,0,0,0,0,0,1,1,1,1,1,1
667,667,Jac Nelleman,0,0,0,0,0,0,0,0,0,0,0,0,2,0,2,0
668,668,Patrick Neve,0,10,0,0,0,0,0,0,0,0,2,0,3,0,4,0
669,669,Roy Newman,0,0,0,0,0,0,0,0,0,0,0,0,1,1,1,1
670,670,John Nicholson,0,1,1,0,0,0,0,0,0,0,1,1,1,1,1,1
671,671,Cal Niday,0,3,0,0,0,0,0,0,0,0,2,0,2,0,3,0
672,672,Helmut Niedermayr,0,1,1,0,0,0,0,0,0,0,0,0,1,1,1,1
673,673,Brausch Niemann,0,1,1,0,0,0,0,0,0,0,0,0,1,1,1,1
674,674,Gunnar Nilsson,0,31,0,1,1,0,1,1,4,0,18,0,1,1,2,0
675,675,Chanoch Nissany,0,0,0,0,0,0,0,0,0,0,0,0,1,1,1,1
676,676,Roy Nissany,0,0,0,0,0,0,0,0,0,0,0,0,1,1,1,1
677,677,Hideki Noda,0,3,0,0,0,0,0,0,0,0,3,0,3,0,3,0
678,678,Lando Norris,0,38,0,0,0,0,2,0,1,1,7,0,1,1,4,0
679,679,Rodney Nuckey,0,1,1,0,0,0,0,0,0,0,0,0,1,1,1,1
680,680,Danny Oakes,0,0,0,0,0,0,0,0,0,0,0,0,3,0,3,0
681,681,Robert O'brien,0,1,1,0,0,0,0,0,0,0,0,0,1,1,1,1
682,682,Esteban Ocon,0,67,0,0,0,0,0,0,1,1,10,0,4,0,7,0
683,683,Pat O'connor,0,5,0,0,0,1,0,0,0,0,2,0,3,0,6,0
684,684,Jackie Oliver,0,49,0,0,0,0,1,1,2,0,33,0,4,0,10,0
685,685,Mike Oliver,0,0,0,0,0,0,0,0,0,0,0,0,1,1,1,1
686,686,Danny Ongais,0,4,0,0,0,0,0,0,0,0,3,0,3,0,3,0
687,687,Karl Oppitzhauser,0,0,0,0,0,0,0,0,0,0,0,0,1,1,1,1
688,688,Arthur Owen,0,1,1,0,0,0,0,0,0,0,1,1,1,1,1,1
689,689,Carlos Pace,0,72,0,1,1,1,5,0,6,0,36,0,3,0,9,0
690,690,Jim Packard,0,0,0,0,0,0,0,0,0,0,0,0,1,1,1,1
691,691,Nello Pagani,0,1,1,0,0,0,0,0,0,0,0,0,1,1,1,1
692,692,Joaquin Palacio,0,0,0,0,0,0,0,0,0,0,0,0,1,1,1,1
693,693,Riccardo Paletti,0,2,0,0,0,0,0,0,0,0,2,0,1,1,1,1
694,694,Torsten Palm,0,1,1,0,0,0,0,0,0,0,1,1,1,1,1,1
695,695,Jolyon Palmer,0,35,0,0,0,0,0,0,0,0,9,0,2,0,3,0
696,696,Jonathan Palmer,0,83,0,0,0,0,1,1,0,0,41,0,4,0,9,0
697,697,Olivier Panis,0,158,0,1,1,0,0,0,5,0,63,0,4,0,12,0
698,698,Giorgio Pantano,0,14,0,0,0,0,0,0,0,0,8,0,1,1,1,1
699,699,Max Papis,0,7,0,0,0,0,0,0,0,0,5,0,1,1,1,1
700,700,Mike Parkes,0,6,0,0,0,1,0,0,2,0,3,0,2,0,2,0
701,701,Reg Parnell,0,6,0,0,0,0,0,0,1,1,2,0,5,0,6,0
702,702,Tim Parnell,0,2,0,0,0,0,0,0,0,0,1,1,2,0,3,0
703,703,Johnnie Parsons,0,9,0,1,1,0,1,1,1,1,4,0,2,0,7,0
704,704,Riccardo Patrese,0,256,0,6,0,8,13,0,37,0,147,0,6,0,25,0
705,705,Al Pease,0,2,0,0,0,0,0,0,0,0,0,0,1,1,1,1
706,706,Roger Penske,0,2,0,0,0,0,0,0,0,0,0,0,2,0,2,0
707,707,Cesare Perdisa,0,7,0,0,0,0,0,0,2,0,1,1,2,0,2,0
708,708,Sergio Perez,0,191,0,1,1,0,4,0,10,0,25,0,4,0,11,0
709,709,Luis Perez-sala,0,26,0,0,0,0,0,0,0,0,14,0,1,1,3,0
710,710,Larry Perkins,0,11,0,0,0,0,0,0,0,0,6,0,5,0,6,0
711,711,Henri Pescarolo,0,56,0,0,0,0,1,1,1,1,23,0,6,0,13,0
712,712,Alessandro Pesenti-rossi,0,3,0,0,0,0,0,0,0,0,0,0,1,1,1,1
713,713,Jiggs Peters,0,0,0,0,0,0,0,0,0,0,0,0,1,1,1,1
714,714,Josef Peters,0,1,1,0,0,0,0,0,0,0,1,1,1,1,1,1
715,715,Ronnie Peterson,0,123,0,10,0,14,9,0,26,0,54,0,3,0,13,0
716,716,Vitaly Petrov,0,57,0,0,0,0,1,1,1,1,12,0,2,0,3,0
717,717,Alfredo Pian,0,0,0,0,0,0,0,0,0,0,0,0,1,1,1,1
718,718,Charles Pic,0,39,0,0,0,0,0,0,0,0,10,0,3,0,3,0
719,719,Ernie Pieterse,0,2,0,0,0,0,0,0,0,0,1,1,1,1,1,1
720,720,Paul Pietsch,0,3,0,0,0,0,0,0,0,0,3,0,3,0,3,0
721,721,Marvin Pifer,0,0,0,0,0,0,0,0,0,0,0,0,1,1,1,1
722,722,André Pilette,0,9,0,0,0,0,0,0,0,0,2,0,7,0,8,0
723,723,Teddy Pilette,0,1,1,0,0,0,0,0,0,0,0,0,2,0,2,0
724,724,Luigi Piotti,0,5,0,0,0,0,0,0,0,0,3,0,3,0,3,0
725,725,David Piper,0,2,0,0,0,0,0,0,0,0,1,1,1,1,1,1
726,726,Nelsinho Piquet,0,28,0,0,0,0,0,0,1,1,11,0,1,1,2,0
727,727,Nelson Piquet,4,204,0,23,0,24,23,0,60,0,86,0,6,0,20,0
728,728,Renato Pirocchi,0,1,1,0,0,0,0,0,0,0,0,0,1,1,2,0
729,729,Didier Pironi,0,70,0,3,0,4,5,0,13,0,26,0,3,0,5,0
730,730,Emanuele Pirro,0,37,0,0,0,0,0,0,0,0,20,0,3,0,5,0
731,731,Antonio Pizzonia,0,20,0,0,0,0,0,0,0,0,12,0,2,0,3,0
732,732,Luigi Plate,0,0,0,0,0,0,0,0,0,0,0,0,1,1,1,1
733,733,Jacques Pollet,0,5,0,0,0,0,0,0,0,0,3,0,1,1,1,1
734,734,Ben Pon,0,1,1,0,0,0,0,0,0,0,1,1,1,1,1,1
735,735,Dennis Poore,0,2,0,0,0,0,0,0,0,0,0,0,1,1,1,1
736,736,Sam Posey,0,2,0,0,0,0,0,0,0,0,1,1,1,1,2,0
737,737,Charles Pozzi,0,1,1,0,0,0,0,0,0,0,0,0,1,1,1,1
738,738,Ralph Pratt,0,0,0,0,0,0,0,0,0,0,0,0,2,0,2,0
739,739,Alexandre Premat,0,0,0,0,0,0,0,0,0,0,0,0,1,1,1,1
740,740,Jackie Pretorius,0,3,0,0,0,0,0,0,0,0,2,0,3,0,4,0
741,741,Ernesto Prinoth,0,0,0,0,0,0,0,0,0,0,0,0,1,1,1,1
742,742,David Prophet,0,2,0,0,0,0,0,0,0,0,1,1,1,1,2,0
743,743,Alain Prost,4,199,0,51,0,33,41,0,106,0,59,0,4,0,18,0
744,744,Tom Pryce,0,42,0,0,0,1,0,0,2,0,18,0,2,0,6,0
745,745,David Purley,0,7,0,0,0,0,0,0,0,0,3,0,3,0,3,0
746,746,Clive Puzey,0,0,0,0,0,0,0,0,0,0,0,0,1,1,1,1
747,747,Dieter Quester,0,1,1,0,0,0,0,0,0,0,0,0,1,1,2,0
748,748,Ian Raby,0,3,0,0,0,0,0,0,0,0,2,0,2,0,2,0
749,749,Bobby Rahal,0,2,0,0,0,0,0,0,0,0,1,1,1,1,2,0
750,750,Kimi Raikkonen,1,330,0,21,0,18,46,0,103,0,70,0,5,0,20,0
751,751,Pierre-henri Raphanel,0,1,1,0,0,0,0,0,0,0,1,1,3,0,4,0
752,752,Dick Rathmann,0,5,0,0,0,1,0,0,0,0,4,0,3,0,4,0
753,753,Jim Rathmann,0,10,0,1,1,0,2,0,4,0,3,0,5,0,9,0
754,754,Roland Ratzenberger,0,1,1,0,0,0,0,0,0,0,0,0,1,1,1,1
755,755,Brian Raubenheimer,0,0,0,0,0,0,0,0,0,0,0,0,1,1,1,1
756,756,Luiz Razia,0,0,0,0,0,0,0,0,0,0,0,0,1,1,1,1
757,757,Hector Rebaque,0,41,0,0,0,0,0,0,0,0,26,0,4,0,6,0
758,758,Brian Redman,0,12,0,0,0,0,0,0,1,1,5,0,6,0,8,0
759,759,Jimmy Reece,0,6,0,0,0,0,0,0,0,0,2,0,4,0,5,0
760,760,Ray Reed,0,0,0,0,0,0,0,0,0,0,0,0,1,1,1,1
761,761,Alan Rees,0,1,1,0,0,0,0,0,0,0,0,0,1,1,1,1
762,762,Dick Reese,0,0,0,0,0,0,0,0,0,0,0,0,1,1,1,1
763,763,Clay Regazzoni,0,132,0,5,0,5,15,0,28,0,48,0,5,0,13,0
764,764,Gordon Reid,0,0,0,0,0,0,0,0,0,0,0,0,1,1,1,1
765,765,Carlos Reutemann,0,146,0,12,0,6,6,0,45,0,51,0,4,0,11,0
766,766,Lance Reventlow,0,1,1,0,0,0,0,0,0,0,1,1,2,0,2,0
767,767,Peter Revson,0,30,0,2,0,1,0,0,8,0,10,0,4,0,7,0
768,768,John Rhodes,0,1,1,0,0,0,0,0,0,0,1,1,1,1,1,1
769,769,Alex Ribeiro,0,10,0,0,0,0,0,0,0,0,4,0,3,0,3,0
770,770,Daniel Ricciardo,0,188,0,7,0,3,15,0,31,0,33,0,4,0,12,0
771,771,Ken Richardson,0,0,0,0,0,0,0,0,0,0,0,0,1,1,1,1
772,772,Fritz Riess,0,1,1,0,0,0,0,0,0,0,0,0,1,1,1,1
773,773,Jim Rigsby,0,1,1,0,0,0,0,0,0,0,0,0,2,0,2,0
774,774,Jochen Rindt,2,60,0,6,0,10,3,0,13,0,37,0,3,0,13,0
775,775,John Riseley-prichard,0,1,1,0,0,0,0,0,0,0,1,1,1,1,1,1
776,776,Richard Robarts,0,3,0,0,0,0,0,0,0,0,1,1,2,0,2,0
777,777,Johnny Roberts,0,0,0,0,0,0,0,0,0,0,0,0,1,1,1,1
778,778,Hal Robson,0,0,0,0,0,0,0,0,0,0,0,0,1,1,1,1
779,779,Francis Rochat,0,0,0,0,0,0,0,0,0,0,0,0,1,1,1,1
780,780,Chuck Rodee,0,0,0,0,0,0,0,0,0,0,0,0,2,0,2,0
781,781,Pedro Rodriguez,0,54,0,2,0,0,1,1,7,0,25,0,4,0,14,0
782,782,Ricardo Rodriguez,0,5,0,0,0,0,0,0,0,0,3,0,2,0,2,0
783,783,Alberto Rodriguez-larreta,0,1,1,0,0,0,0,0,0,0,0,0,1,1,1,1
784,784,Franco Rol,0,5,0,0,0,0,0,0,0,0,4,0,2,0,3,0
785,785,Alan Rollinson,0,0,0,0,0,0,0,0,0,0,0,0,1,1,1,1
786,786,Tony Rolt,0,3,0,0,0,0,0,0,0,0,3,0,2,0,3,0
787,787,Bertil Roos,0,1,1,0,0,0,0,0,0,0,1,1,1,1,1,1
788,788,Keke Rosberg,4,114,0,5,0,5,3,0,17,0,57,0,6,0,19,0
789,789,Nico Rosberg,1,206,0,23,0,30,20,0,57,0,32,0,2,0,11,0
790,790,Bud Rose,0,0,0,0,0,0,0,0,0,0,0,0,1,1,1,1
791,791,Ebb Rose,0,0,0,0,0,0,0,0,0,0,0,0,1,1,1,1
792,792,Mauri Rose,0,2,0,0,0,0,0,0,1,1,1,1,1,1,1,1
793,793,Louis Rosier,0,38,0,0,0,0,0,0,2,0,13,0,3,0,5,0
794,794,Ricardo Rosset,0,27,0,0,0,0,0,0,0,0,15,0,3,0,3,0
795,795,Alexander Rossi,0,5,0,0,0,0,0,0,0,0,0,0,2,0,5,0
796,796,Huub Rothengatter,0,25,0,0,0,0,0,0,0,0,15,0,3,0,4,0
797,797,Jack Rounds,0,0,0,0,0,0,0,0,0,0,0,0,1,1,1,1
798,798,Lloyd Ruby,0,2,0,0,0,0,0,0,0,0,1,1,2,0,2,0
799,799,Jean-claude Rudaz,0,0,0,0,0,0,0,0,0,0,0,0,1,1,1,1
800,800,George Russell,0,38,0,0,0,0,1,1,0,0,6,0,3,0,5,0
801,801,Eddie Russo,0,4,0,0,0,0,0,0,0,0,4,0,4,0,7,0
802,802,Paul Russo,0,8,0,0,0,0,1,1,1,1,3,0,2,0,8,0
803,803,Troy Ruttman,0,8,0,1,1,0,0,0,1,1,4,0,5,0,8,0
804,804,Peter Ryan,0,1,1,0,0,0,0,0,0,0,0,0,1,1,1,1
805,805,Eddie Sachs,0,4,0,0,0,1,0,0,0,0,4,0,4,0,4,0
806,806,Bob Said,0,1,1,0,0,0,0,0,0,0,1,1,1,1,1,1
807,807,Carlos Sainz,0,118,0,0,0,0,1,1,2,0,27,0,3,0,8,0
808,808,Mike Salay,0,0,0,0,0,0,0,0,0,0,0,0,1,1,1,1
809,809,Eliseo Salazar,0,24,0,0,0,0,0,0,0,0,14,0,4,0,4,0
810,810,Mika Salo,0,110,0,0,0,0,0,0,2,0,45,0,7,0,9,0
811,811,Roy Salvadori,0,46,0,0,0,0,0,0,2,0,28,0,8,0,12,0
812,812,Ninian Sanderson,0,0,0,0,0,0,0,0,0,0,0,0,1,1,1,1
813,813,Consalvo Sanesi,0,5,0,0,0,0,0,0,0,0,2,0,1,1,2,0
814,814,Stéphane Sarrazin,0,1,1,0,0,0,0,0,0,0,1,1,1,1,1,1
815,815,Takuma Sato,0,90,0,0,0,0,0,0,1,1,31,0,3,0,8,0
816,816,Carl Scarborough,0,2,0,0,0,0,0,0,0,0,1,1,1,1,1,1
817,817,Ludovico Scarfiotti,0,10,0,1,1,0,1,1,1,1,3,0,3,0,9,0
818,818,Giorgio Scarlatti,0,12,0,0,0,0,0,0,0,0,7,0,4,0,4,0
819,819,Ian Scheckter,0,18,0,0,0,0,0,0,0,0,13,0,5,0,7,0
820,820,Jody Scheckter,3,112,0,10,0,3,5,0,33,0,38,0,4,0,15,0
821,821,Harry Schell,0,56,0,0,0,0,0,0,2,0,33,0,7,0,12,0
822,822,Tim Schenken,0,34,0,0,0,0,0,0,1,1,19,0,6,0,7,0
823,823,Albert Scherrer,0,1,1,0,0,0,0,0,0,0,0,0,1,1,1,1
824,824,Domenico Schiattarella,0,7,0,0,0,0,0,0,0,0,4,0,1,1,2,0
825,825,Heinz Schiller,0,1,1,0,0,0,0,0,0,0,1,1,2,0,2,0
826,826,Bill Schindler,0,3,0,0,0,0,0,0,0,0,2,0,3,0,3,0
827,827,Jean-louis Schlesser,0,1,1,0,0,0,0,0,0,0,0,0,2,0,2,0
828,828,Jo Schlesser,0,1,1,0,0,0,0,0,0,0,1,1,2,0,2,0
829,829,Bernd Schneider,0,9,0,0,0,0,0,0,0,0,7,0,2,0,4,0
830,830,Rudolf Schoeller,0,1,1,0,0,0,0,0,0,0,1,1,1,1,1,1
831,831,Bob Schroeder,0,0,0,0,0,0,0,0,0,0,0,0,1,1,1,1
832,832,Rob Schroeder,0,1,1,0,0,0,0,0,0,0,0,0,1,1,1,1
833,833,Michael Schumacher,8,307,0,91,0,68,77,0,155,0,68,0,4,0,23,0
834,834,Mick Schumacher,0,0,0,0,0,0,0,0,0,0,0,0,2,0,3,0
835,835,Ralf Schumacher,0,180,0,6,0,6,8,0,27,0,61,0,3,0,13,0
836,836,Vern Schuppan,0,9,0,0,0,0,0,0,0,0,3,0,4,0,4,0
837,837,Adolfo Schwelm-cruz,0,1,1,0,0,0,0,0,0,0,1,1,1,1,1,1
838,838,Bob Scott,0,3,0,0,0,0,0,0,0,0,3,0,4,0,6,0
839,839,Archie Scott-brown,0,1,1,0,0,0,0,0,0,0,1,1,1,1,1,1
840,840,Piero Scotti,0,1,1,0,0,0,0,0,0,0,1,1,1,1,2,0
841,841,Wolfgang Seidel,0,9,0,0,0,0,0,0,0,0,5,0,6,0,7,0
842,842,Gunther Seiffert,0,0,0,0,0,0,0,0,0,0,0,0,1,1,1,1
843,843,Wayne Selser,0,0,0,0,0,0,0,0,0,0,0,0,1,1,1,1
844,844,Ayrton Senna,4,161,0,41,0,65,19,0,80,0,60,0,4,0,13,0
845,845,Bruno Senna,0,46,0,0,0,0,1,1,0,0,14,0,3,0,3,0
846,846,Bud Sennett,0,0,0,0,0,0,0,0,0,0,0,0,1,1,1,1
847,847,Dorino Serafini,0,1,1,0,0,0,0,0,1,1,0,0,1,1,1,1
848,848,Chico Serra,0,18,0,0,0,0,0,0,0,0,7,0,2,0,4,0
849,849,Doug Serrurier,0,2,0,0,0,0,0,0,0,0,1,1,1,1,2,0
850,850,Johnny Servoz-gavin,0,11,0,0,0,0,0,0,1,1,6,0,3,0,6,0
851,851,Tony Settember,0,6,0,0,0,0,0,0,0,0,5,0,2,0,2,0
852,852,Doc Shanebrook,0,0,0,0,0,0,0,0,0,0,0,0,2,0,2,0
853,853,Hap Sharp,0,6,0,0,0,0,0,0,0,0,1,1,3,0,3,0
854,854,Brian Shawe-taylor,0,2,0,0,0,0,0,0,0,0,0,0,3,0,3,0
855,855,Carroll Shelby,0,8,0,0,0,0,0,0,0,0,5,0,2,0,2,0
856,856,Tony Shelly,0,1,1,0,0,0,0,0,0,0,1,1,1,1,2,0
857,857,Jo Siffert,0,96,0,2,0,2,4,0,6,0,51,0,5,0,9,0
858,858,Sergio Sighinolfi,0,0,0,0,0,0,0,0,0,0,0,0,1,1,1,1
859,859,André Simon,0,11,0,0,0,0,0,0,0,0,7,0,5,0,5,0
860,860,Sergey Sirotkin,0,21,0,0,0,0,0,0,0,0,3,0,3,0,4,0
861,861,Rob Slotemaker,0,0,0,0,0,0,0,0,0,0,0,0,1,1,1,1
862,862,Moises Solana,0,8,0,0,0,0,0,0,0,0,6,0,3,0,6,0
863,863,Alex Soler-roig,0,6,0,0,0,0,0,0,0,0,6,0,3,0,4,0
864,864,Raymond Sommer,0,5,0,0,0,0,0,0,0,0,4,0,2,0,4,0
865,865,Vincenzo Sospiri,0,0,0,0,0,0,0,0,0,0,0,0,1,1,1,1
866,866,Joe Sostilio,0,0,0,0,0,0,0,0,0,0,0,0,1,1,1,1
867,867,Stephen South,0,0,0,0,0,0,0,0,0,0,0,0,1,1,1,1
868,868,Mike Sparken,0,1,1,0,0,0,0,0,0,0,0,0,1,1,1,1
869,869,Scott Speed,0,28,0,0,0,0,0,0,0,0,12,0,2,0,3,0
870,870,Mike Spence,0,36,0,0,0,0,0,0,1,1,18,0,2,0,5,0
871,871,Keith St John,0,0,0,0,0,0,0,0,0,0,0,0,1,1,1,1
872,872,Alan Stacey,0,7,0,0,0,0,0,0,0,0,6,0,1,1,2,0
873,873,Peter Stæchelin,0,0,0,0,0,0,0,0,0,0,0,0,1,1,1,1
874,874,Gaetano Starrabba,0,1,1,0,0,0,0,0,0,0,1,1,1,1,1,1
875,875,Gig Stephens,0,0,0,0,0,0,0,0,0,0,0,0,1,1,1,1
876,876,Will Stevens,0,18,0,0,0,0,0,0,0,0,3,0,2,0,2,0
877,877,Chuck Stevenson,0,5,0,0,0,0,0,0,0,0,2,0,4,0,4,0
878,878,Ian Stewart,0,1,1,0,0,0,0,0,0,0,1,1,1,1,1,1
879,879,Jackie Stewart,3,99,0,27,0,17,15,0,43,0,37,0,4,0,12,0
880,880,Jimmy Stewart,0,1,1,0,0,0,0,0,0,0,1,1,1,1,1,1
881,881,Ottis Stine,0,0,0,0,0,0,0,0,0,0,0,0,1,1,1,1
882,882,Siegfried Stohr,0,9,0,0,0,0,0,0,0,0,6,0,1,1,1,1
883,883,Rolf Stommelen,0,53,0,0,0,0,0,0,1,1,16,0,7,0,13,0
884,884,Philippe Streiff,0,53,0,0,0,0,0,0,1,1,25,0,4,0,7,0
885,885,Lance Stroll,0,78,0,0,0,1,0,0,3,0,16,0,2,0,5,0
886,886,Hans Stuck,0,3,0,0,0,0,0,0,0,0,2,0,3,0,3,0
887,887,Hans Joachim Stuck,0,74,0,0,0,0,0,0,2,0,48,0,4,0,9,0
888,888,Otto Stuppacher,0,0,0,0,0,0,0,0,0,0,0,0,1,1,1,1
889,889,Danny Sullivan,0,15,0,0,0,0,0,0,0,0,7,0,1,1,2,0
890,890,Marc Surer,0,81,0,0,0,0,1,1,0,0,35,0,5,0,11,0
891,891,John Surtees,2,111,0,6,0,8,11,0,24,0,59,0,8,0,20,0
892,892,Andy Sutcliffe,0,0,0,0,0,0,0,0,0,0,0,0,2,0,2,0
893,893,Adrian Sutil,0,128,0,0,0,0,1,1,0,0,44,0,4,0,9,0
894,894,Len Sutton,0,3,0,0,0,0,0,0,0,0,3,0,4,0,5,0
895,895,Aguri Suzuki,0,64,0,0,0,0,0,0,1,1,40,0,6,0,11,0
896,896,Toshio Suzuki,0,2,0,0,0,0,0,0,0,0,0,0,1,1,1,1
897,897,Jacques Swaters,0,7,0,0,0,0,0,0,0,0,4,0,3,0,4,0
898,898,Bob Sweikert,0,5,0,1,1,0,0,0,1,1,2,0,4,0,6,0
899,899,Tora Takagi,0,32,0,0,0,0,0,0,0,0,19,0,2,0,2,0
900,900,Noritake Takahara,0,2,0,0,0,0,0,0,0,0,1,1,2,0,2,0
901,901,Kunimitsu Takahashi,0,1,1,0,0,0,0,0,0,0,0,0,1,1,1,1
902,902,Patrick Tambay,0,114,0,2,0,5,2,0,11,0,61,0,8,0,15,0
903,903,Luigi Taramazzo,0,0,0,0,0,0,0,0,0,0,0,0,1,1,1,1
904,904,Gabriele Tarquini,0,38,0,0,0,0,0,0,0,0,25,0,5,0,12,0
905,905,Piero Taruffi,0,18,0,1,1,0,1,1,5,0,6,0,5,0,8,0
906,906,Bill Taylor,0,0,0,0,0,0,0,0,0,0,0,0,1,1,1,1
907,907,Dennis Taylor,0,0,0,0,0,0,0,0,0,0,0,0,1,1,1,1
908,908,Henry Taylor,0,8,0,0,0,0,0,0,0,0,1,1,2,0,3,0
909,909,John Taylor,0,5,0,0,0,0,0,0,0,0,1,1,2,0,3,0
910,910,Mike Taylor,0,1,1,0,0,0,0,0,0,0,1,1,2,0,2,0
911,911,Trevor Taylor,0,27,0,0,0,0,0,0,1,1,15,0,6,0,10,0
912,912,Marshall Teague,0,3,0,0,0,0,0,0,0,0,2,0,2,0,5,0
913,913,Shorty Templeman,0,3,0,0,0,0,0,0,0,0,2,0,3,0,4,0
914,914,André Testut,0,0,0,0,0,0,0,0,0,0,0,0,1,1,1,1
915,915,Mike Thackwell,0,2,0,0,0,0,0,0,0,0,2,0,3,0,5,0
916,916,Alfonso Thiele,0,1,1,0,0,0,0,0,0,0,1,1,1,1,2,0
917,917,Eric Thompson,0,1,1,0,0,0,0,0,0,0,0,0,1,1,1,1
918,918,Johnny Thomson,0,8,0,0,0,1,1,1,1,1,3,0,5,0,6,0
919,919,Joel Thorne,0,0,0,0,0,0,0,0,0,0,0,0,1,1,1,1
920,920,Leslie Thorne,0,1,1,0,0,0,0,0,0,0,0,0,1,1,1,1
921,921,George Tichenor,0,0,0,0,0,0,0,0,0,0,0,0,2,0,3,0
922,922,Bud Tingelstad,0,1,1,0,0,0,0,0,0,0,0,0,1,1,1,1
923,923,Sam Tingle,0,5,0,0,0,0,0,0,0,0,3,0,3,0,4,0
924,924,Desmond Titterington,0,1,1,0,0,0,0,0,0,0,1,1,1,1,1,1
925,925,Enrico Toccacelo,0,0,0,0,0,0,0,0,0,0,0,0,1,1,1,1
926,926,Johnnie Tolan,0,3,0,0,0,0,0,0,0,0,2,0,3,0,6,0
927,927,Tony Trimmer,0,0,0,0,0,0,0,0,0,0,0,0,4,0,5,0
928,928,Maurice Trintignant,0,81,0,2,0,0,1,1,10,0,40,0,11,0,17,0
929,929,Jarno Trulli,0,252,0,1,1,4,1,1,11,0,92,0,6,0,21,0
930,930,Yuki Tsunoda,0,0,0,0,0,0,0,0,0,0,0,0,0,0,1,1
931,931,Esteban Tuero,0,16,0,0,0,0,0,0,0,0,11,0,1,1,1,1
932,932,Guy Tunmer,0,1,1,0,0,0,0,0,0,0,0,0,1,1,1,1
933,933,Jack Turner,0,4,0,0,0,0,0,0,0,0,3,0,3,0,5,0
934,934,Toni Ulmen,0,2,0,0,0,0,0,0,0,0,1,1,1,1,2,0
935,935,Bobby Unser,0,1,1,0,0,0,0,0,0,0,1,1,1,1,2,0
936,936,Jerry Unser,0,1,1,0,0,0,0,0,0,0,1,1,2,0,4,0
937,937,Alberto Uria,0,2,0,0,0,0,0,0,0,0,1,1,1,1,1,1
938,938,Nino Vaccarella,0,4,0,0,0,0,0,0,0,0,2,0,4,0,5,0
939,939,Piero Valenzano,0,0,0,0,0,0,0,0,0,0,0,0,1,1,1,1
940,940,Davide Valsecchi,0,0,0,0,0,0,0,0,0,0,0,0,1,1,1,1
941,941,Charles Van Acker,0,0,0,0,0,0,0,0,0,0,0,0,1,1,1,1
942,942,Eric Van De Poele,0,5,0,0,0,0,0,0,0,0,3,0,3,0,3,0
943,943,Giedo Van Der Garde,0,19,0,0,0,0,0,0,0,0,4,0,2,0,3,0
944,944,Dries Van Der Lof,0,1,1,0,0,0,0,0,0,0,0,0,1,1,1,1
945,945,Syd Van Der Vyver,0,0,0,0,0,0,0,0,0,0,0,0,1,1,1,1
946,946,Gijs Van Lennep,0,8,0,0,0,0,0,0,0,0,1,1,3,0,6,0
947,947,Basil Van Rooyen,0,2,0,0,0,0,0,0,0,0,2,0,2,0,2,0
948,948,Stoffel Vandoorne,0,41,0,0,0,0,0,0,0,0,8,0,1,1,3,0
949,949,Bob Veith,0,5,0,0,0,0,0,0,0,0,1,1,4,0,5,0
950,950,Jean-éric Vergne,0,58,0,0,0,0,0,0,0,0,15,0,1,1,4,0
951,951,Jos Verstappen,0,107,0,0,0,0,0,0,2,0,59,0,7,0,8,0
952,952,Max Verstappen,0,119,0,10,0,3,10,0,42,0,26,0,2,0,9,0
953,953,Sebastian Vettel,4,257,0,53,0,57,38,0,121,0,37,0,4,0,18,0
954,954,Gilles Villeneuve,0,67,0,6,0,2,8,0,13,0,30,0,2,0,7,0
955,955,Jacques Villeneuve,2,163,0,11,0,13,9,0,23,0,61,0,5,0,11,0
956,956,Jacques Sr Villeneuve,0,0,0,0,0,0,0,0,0,0,0,0,2,0,2,0
957,957,Luigi Villoresi,0,31,0,0,0,0,1,1,8,0,16,0,3,0,6,0
958,958,Lucien Vincent,0,0,0,0,0,0,0,0,0,0,0,0,1,1,1,1
959,959,Ernesto Viso,0,0,0,0,0,0,0,0,0,0,0,0,1,1,1,1
960,960,Ottorino Volonterio,0,3,0,0,0,0,0,0,0,0,1,1,1,1,2,0
961,961,Rikky Von Opel,0,10,0,0,0,0,0,0,0,0,5,0,2,0,3,0
962,962,Mauritz Von Strachwitz,0,0,0,0,0,0,0,0,0,0,0,0,1,1,1,1
963,963,Wolfgang Von Trips,0,27,0,2,0,1,0,0,6,0,10,0,3,0,7,0
964,964,Jo Vonlanthen,0,1,1,0,0,0,0,0,0,0,1,1,1,1,1,1
965,965,Bill Vukovich,0,5,0,2,0,1,3,0,2,0,3,0,4,0,5,0
966,966,Fred Wacker,0,3,0,0,0,0,0,0,0,0,1,1,1,1,1,1
967,967,Dave Walker,0,11,0,0,0,0,0,0,0,0,7,0,2,0,3,0
968,968,Peter Walker,0,4,0,0,0,0,0,0,0,0,3,0,4,0,4,0
969,969,Lee Wallard,0,2,0,1,1,0,1,1,1,1,0,0,2,0,2,0
970,970,Heini Walter,0,1,1,0,0,0,0,0,0,0,0,0,1,1,1,1
971,971,Rodger Ward,0,12,0,1,1,0,0,0,2,0,9,0,7,0,9,0
972,972,Leroy Warriner,0,0,0,0,0,0,0,0,0,0,0,0,1,1,5,0
973,973,Derek Warwick,0,146,0,0,0,0,2,0,4,0,84,0,6,0,14,0
974,974,John Watson,0,152,0,5,0,2,5,0,20,0,58,0,6,0,22,0
975,975,Spider Webb,0,4,0,0,0,0,0,0,0,0,1,1,4,0,5,0
976,976,Mark Webber,0,215,0,9,0,13,19,0,42,0,57,0,4,0,12,0
977,977,Pascal Wehrlein,0,39,0,0,0,0,0,0,0,0,8,0,2,0,2,0
978,978,Volker Weidler,0,0,0,0,0,0,0,0,0,0,0,0,1,1,1,1
979,979,Wayne Weiler,0,1,1,0,0,0,0,0,0,0,1,1,1,1,1,1
980,980,Karl Wendlinger,0,41,0,0,0,0,0,0,0,0,24,0,3,0,5,0
981,981,Peter Westbury,0,0,0,0,0,0,0,0,0,0,0,0,1,1,1,1
982,982,Chuck Weyant,0,4,0,0,0,0,0,0,0,0,2,0,5,0,6,0
983,983,Ken Wharton,0,15,0,0,0,0,0,0,0,0,6,0,4,0,6,0
984,984,Ted Whiteaway,0,0,0,0,0,0,0,0,0,0,0,0,1,1,1,1
985,985,Graham Whitehead,0,1,1,0,0,0,0,0,0,0,0,0,1,1,1,1
986,986,Peter Whitehead,0,10,0,0,0,0,0,0,1,1,5,0,3,0,5,0
987,987,Bill Whitehouse,0,1,1,0,0,0,0,0,0,0,1,1,1,1,1,1
988,988,Brian Whitehouse,0,0,0,0,0,0,0,0,0,0,0,0,1,1,1,1
989,989,Robert Wickens,0,0,0,0,0,0,0,0,0,0,0,0,1,1,1,1
990,990,Robin Widdows,0,1,1,0,0,0,0,0,0,0,1,1,1,1,1,1
991,991,Eppie Wietzes,0,2,0,0,0,0,0,0,0,0,2,0,2,0,2,0
992,992,Mike Wilds,0,3,0,0,0,0,0,0,0,0,2,0,4,0,4,0
993,993,Jonathan Williams,0,1,1,0,0,0,0,0,0,0,0,0,1,1,1,1
994,994,Roger Williamson,0,2,0,0,0,0,0,0,0,0,2,0,1,1,1,1
995,995,Dempsey Wilson,0,2,0,0,0,0,0,0,0,0,2,0,3,0,5,0
996,996,Desiré Wilson,0,0,0,0,0,0,0,0,0,0,0,0,1,1,1,1
997,997,Justin Wilson,0,16,0,0,0,0,0,0,0,0,9,0,2,0,2,0
998,998,Vic Wilson,0,1,1,0,0,0,0,0,0,0,1,1,2,0,2,0
999,999,Joachim Winkelhock,0,0,0,0,0,0,0,0,0,0,0,0,1,1,1,1
1000,1000,Manfred Winkelhock,0,47,0,0,0,0,0,0,0,0,30,0,4,0,6,0
1001,1001,Markus Winkelhock,0,1,1,0,0,0,0,0,0,0,1,1,2,0,2,0
1002,1002,Björn Wirdheim,0,0,0,0,0,0,0,0,0,0,0,0,2,0,2,0
1003,1003,Reine Wisell,0,22,0,0,0,0,0,0,1,1,10,0,3,0,8,0
1004,1004,Susie Wolff,0,0,0,0,0,0,0,0,0,0,0,0,1,1,2,0
1005,1005,Roelof Wunderink,0,3,0,0,0,0,0,0,0,0,2,0,1,1,2,0
1006,1006,Alexander Wurz,0,69,0,0,0,0,1,1,3,0,23,0,3,0,7,0
1007,1007,Katsumi Yamamoto,0,0,0,0,0,0,0,0,0,0,0,0,1,1,1,1
1008,1008,Naoki Yamamoto,0,0,0,0,0,0,0,0,0,0,0,0,1,1,1,1
1009,1009,Sakon Yamamoto,0,21,0,0,0,0,0,0,0,0,7,0,4,0,6,0
1010,1010,Alex Yoong,0,14,0,0,0,0,0,0,0,0,8,0,1,1,2,0
1011,1011,Alessandro Zanardi,0,41,0,0,0,0,0,0,0,0,26,0,4,0,6,0
1012,1012,Emilio Zapico,0,0,0,0,0,0,0,0,0,0,0,0,1,1,1,1
1013,1013,Ricardo Zonta,0,36,0,0,0,0,0,0,0,0,19,0,3,0,6,0
1014,1014,Renzo Zorzi,0,7,0,0,0,0,0,0,0,0,4,0,2,0,4,0
1015,1015,Ricardo Zunino,0,10,0,0,0,0,0,0,0,0,4,0,2,0,2,0
